PlotNo,Subplot,Month,status_Endangered,status_Neophyte,status_NotEndangered,status_Warning,FG_graminoid,FG_legume,FG_other_forb,FG_woody,lifespan_annual,lifespan_shortlived,lifespan_perennial,raunkiaer_phanerophyte,raunkiaer_chamaephyte,raunkiaer_hemicryptophyte,raunkiaer_geophyte,raunkiaer_therophyte,lifeform_tree.shrub,lifeform_herbPoli,lifeform_herbMono,Disturbance.Severity,Disturbance.Frequency,Mowing.Frequency,Grazing.Pressure,Soil.Disturbance
BC20,SE,March,0,0.009239410631427565,0.984180392369685,4.7485957723930215e-4,0.7882668982172415,0.12346349008221855,0.08135022928933873,0.00691938241120126,0.023539467614576835,0.0033240170406751146,0.9731365153447481,0.00691938241120126,0,0.9608105174612651,0.008730632512956884,0.023539467614576835,0.00691938241120126,0.9689306162320571,0.02415000135674165,0.4979609587830936,1.173857016260387,0.6581499943406124,0.27686392706291585,0.29630429078209974
BC20,SE,May,0.0018590380923790455,8.262391521684647e-6,0.9802997044817966,0.01432147863758672,0.5504818351322396,0.21316970125946388,0.2328286848200589,0.0035197787882376595,0.08809086427369447,0.002900099424111311,0.9090090363021942,0.0035197787882376595,0,0.8934826255676952,0.014906731370372716,0.08809086427369447,0.0035197787882376595,0.9083810945465461,0.08809912666521616,0.5210376770596965,1.2304965709081763,0.6832213442026682,0.27171014369301266,0.32383255554664975
BC04,SE,May,0,0.14243476201758332,0.8497290369413457,0.007378375020300132,0.28350240466758714,0.265984200678371,0.450055568633271,4.578260207708036e-4,0.05746975582230703,0.02518043114239419,0.9173498130352987,4.578260207708036e-4,0.0020347823145369045,0.9327887238468475,0.007248911995537722,0.05746975582230703,4.578260207708036e-4,0.9191811171183819,0.08036105686084721,0.5341735097675568,1.265164534868129,0.7602519232605202,0.27349558526733164,0.30998630055277687
BC04,NW,July,0,0.25257234493367775,0.7156651815516791,0.0317461469247961,0.15334295997445796,0.3489427626041274,0.49769795083156765,1.6326589847037993e-5,0.018601428032391953,0.01594563608394044,0.9654529358836677,1.6326589847037993e-5,0,0.950534060894552,0.030857254810901808,0.018592357704699157,1.6326589847037993e-5,0.9654366092938206,0.0345470641163324,0.5306576710192422,1.335654429471394,0.786288591625155,0.2792410943784517,0.31634458218221867
BC04,NW,September,0,0.055286800276434005,0.9350900268259877,0.008768605420187113,0.273833143842284,0.09638034940663294,0.628931939273692,8.545674773911169e-4,0.009719776177631138,0.004592371313284438,0.9856878525090844,8.545674773911169e-4,0,0.98050843049394,0.008917225851037743,0.009719776177631138,8.545674773911169e-4,0.9848332850316933,0.014312147490915576,0.5162955115094808,1.3078810370953051,0.7347049749523888,0.2966479628632938,0.31261622629792163
BC04,SE,September,0,0.08112462279503767,0.9110654966838675,0.006869423704418512,0.2854899780014884,0.216059731274687,0.4975098339071483,9.404568166763436e-4,0.00781805840645726,4.906731217441794e-4,0.9916912684717986,9.404568166763436e-4,0.006869423704418512,0.976439512270917,0.0079325488015309,0.00781805840645726,9.404568166763436e-4,0.9907508116551222,0.008308731528201439,0.5246462113923817,1.256187774641086,0.7435938534257006,0.27574328696395073,0.3112966363315566
BC05,NW,March,0.004705439488048184,0,0.9763159545768242,0.018821757952192736,0.7520337955120564,0.13269339356295878,0.11511596294204991,1.5684798293493947e-4,0.09983374113808897,0.047070079678775335,0.8530961791831357,1.5684798293493947e-4,0.003659786268481921,0.8963496246104942,0,0.09983374113808897,1.5684798293493947e-4,0.8529393312002008,0.14690382081686432,0.5076906620023217,1.1666513562158147,0.6726847582593418,0.28873508267185394,0.3000183220907978
BC05,NW,May,0.017341173227984747,0.1041236008391137,0.8321006936469291,0.0451712680110861,0.4503728543647695,0.2557918752966757,0.2925720060636685,0.0012632642748863063,0.21639334221446396,0.055216133033212364,0.7283905247523237,0.0012632642748863063,0.0019905982513359973,0.7775047085304791,0.0028480867288345813,0.21639334221446396,0.0012632642748863063,0.7271272604774374,0.2716094752476763,0.5176538218555572,1.2553531182979742,0.7035654622632629,0.27147179060154564,0.3113010143005075
BC09,NW,March,0,0,0.9835387203856123,0.015915601837115184,0.6441271429221045,0.27802282752034924,0.07730435178027376,5.456777772725205e-4,0.03496885089354735,0.015915601837115184,0.9491155472693374,5.456777772725205e-4,0,0.9030967213860215,0.06138874994315856,0.03496885089354735,5.456777772725205e-4,0.96448547132918,0.03496885089354735,0.5264764014788443,1.2027975845542929,0.6909038627961112,0.26919395590853074,0.3079894755579899
BC09,SE,March,0,0,0.9992181901101048,0,0.664538406410841,0.19610398071535604,0.13857580298390776,7.818098898951072e-4,0.007492344778161444,5.537820053423676e-4,0.9919538732164962,7.818098898951072e-4,0,0.975438139292462,0.0162877060394814,0.007492344778161444,7.818098898951072e-4,0.9914000912111538,0.007818098898951072,0.5127032876515749,1.2262882471120038,0.723478186123269,0.28604394202482597,0.30827943029346344
BC09,NW,May,0,0.7560948026560254,0.22203014685687517,0.021002633407111816,0.13582241465660697,0.7917023442170057,0.07160282404639967,8.724170799877215e-4,0.03767549315798827,0.006300790022133545,0.9560237168198782,8.724170799877215e-4,0,0.9507569025962487,0.010695187165775402,0.03767549315798827,8.724170799877215e-4,0.961452089762024,0.03767549315798827,0.5585776926145051,1.1395837738483015,0.6633069746726052,0.2573093751246427,0.3164256099182344
BC09,SE,May,0,0,0.9982510687912942,0,0.5623785464438399,0.20365332296929656,0.2322191993781578,0.001748931208705791,0.045472211426350564,0.0072872133696074625,0.947240575204042,0.001748931208705791,0,0.9255732607850758,0.027205596579867864,0.045472211426350564,0.001748931208705791,0.949280994947532,0.048970073843762146,0.5161395655036208,1.2440888874259382,0.701308496818082,0.28813260039499666,0.3172061224489796
BC09,SE,July,0,0,0.9999485726040548,0,0.4198475463417979,0.23342323604031906,0.3466777902219378,5.1427395945235536e-5,0.005571301227400517,0.010142625311421453,0.984286073461178,5.1427395945235536e-5,0,0.9753777056524422,0.018999565724212016,0.005571301227400517,5.1427395945235536e-5,0.9888059701492538,0.011142602454801033,0.5161651309306144,1.3642531894387804,0.8028569029099135,0.2952426585887384,0.32014161641203637
BC09,NW,September,0,0.39331506550709805,0.4954431132545992,0.11088641605862763,0.2991374316289286,0.45224124429722773,0.2482659188941686,3.554051796750886e-4,0.0019849379284853697,0.0038875403236793434,0.9941275217478353,3.554051796750886e-4,0,0.9840950258675737,0.013564631024265882,0.0019849379284853697,3.554051796750886e-4,0.9975631051513612,0.0020814896689637687,0.5269999927803767,1.2077672153776018,0.7402707986585979,0.2655858145358995,0.30017256245756757
BC12,NW,March,0,4.213433831532871e-4,0.9981741786730024,0,0.8500602755117566,0.06890368792500087,0.07963155861939818,0.0014044779438442904,0.030898514764574385,0.004564553317493943,0.9645369319179317,0.0014044779438442904,0,0.9671703280626397,5.266792289416089e-4,0.030898514764574385,0.0014044779438442904,0.9676970072915813,0.030898514764574385,0.5134665821542923,1.1284297073158944,0.6369881890895911,0.2798299658309672,0.303266570482692
BC12,SE,March,0,0,0.9992642731018246,0,0.8328428487345497,0.07886992348440261,0.08755150088287228,7.357268981753975e-4,0.01375809299587993,0.013095938787522073,0.973145968216598,7.357268981753975e-4,0,0.9722630959387876,0.013243084167157153,0.01375809299587993,7.357268981753975e-4,0.9733666862860506,0.025897586815773987,0.501697725631769,1.2032999560508553,0.6434029995291163,0.2851788102338722,0.3015863349552661
BC12,NW,May,0,0.010567732762319947,0.9847354971210934,0,0.676148093431567,0.13033537073527934,0.18305554784621067,0.010460987986942978,0.042360596660596446,0.011085444922898247,0.9465539584165052,0.010460987986942978,0,0.9209725729974146,0.026205842355045934,0.042360596660596446,0.010460987986942978,0.9412167196476569,0.04832229236540017,0.5323593310743,1.0551661140160358,0.6132011851470385,0.2564682011696317,0.29055979354660194
BC12,SE,May,0,0,0.9858219236156136,0,0.5168112843207944,0.3987367231940962,0.070273916100723,0.01417807638438652,0.13170820957797913,0.026647643564179705,0.8416441468578413,0.01417807638438652,0,0.8425111515288289,0.011602562508805517,0.13170820957797913,0.01417807638438652,0.8335861034451324,0.1522358201704812,0.5257980438292995,1.2839220182937736,0.7120994219729849,0.26848671433350996,0.33277454445389576
BC12,NW,July,0,0,0.9978172618210982,0,0.5511744619633069,0.14376307369221739,0.3028797261655739,0.0021827381789018513,0.005754491562559426,9.632159009169154e-4,0.9932822925365237,0.0021827381789018513,0,0.9401400590331462,0.05192271122539252,0.005754491562559426,0.0021827381789018513,0.9911698319126243,0.0066474299084738194,0.5324355260612088,1.0565087565661588,0.643957231589892,0.26190188020433075,0.2845335006554857
BC14,NW,March,0,0.0026942989476236704,0.9737179557343523,0,0.7299866211217882,0.19871465100829927,0.07128609834359552,1.2629526316985956e-5,0.05410994255249462,0,0.9458900574475054,1.2629526316985956e-5,0,0.9196029613713308,0.026274466549857583,0.05410994255249462,1.2629526316985956e-5,0.9458774279211885,0.05410994255249462,0.49707537503740257,1.2822670743502333,0.6906106338977013,0.2827321902592495,0.3051130420863104
BC14,SE,March,0,0.005939876064303714,0.9889310591746489,0,0.6283149883480039,0.3245067260897213,0.04715095484418758,2.7330718087287025e-5,0.020330410161196577,0,0.9796695898388035,2.7330718087287025e-5,0,0.9314308724147419,0.048211386705974316,0.020330410161196577,2.7330718087287025e-5,0.9796422591207162,0.020330410161196577,0.5007516802632405,1.288265929004834,0.712643187950321,0.28520125212811925,0.3065665132820492
BC14,NW,May,4.544612267477483e-4,0,0.9989395904709218,0,0.546457163647971,0.3996553669030496,0.05328152114664895,6.059483023303312e-4,0.17037562031928608,0.0014066657018382686,0.8282177139788757,6.059483023303313e-4,0,0.8248958188214577,0.004122612556926003,0.17037562031928608,6.059483023303313e-4,0.8276117656765454,0.17178228602112433,0.5185422037037288,1.3148425717480685,0.7314050084409492,0.2771154596222083,0.32726075459513904
BC14,SE,May,0,0,0.9992216763146374,0,0.5227833410934057,0.4084948470802438,0.06794348814098777,7.783236853626505e-4,0.07324581824752084,0.0025017547029513756,0.9242524270495278,7.783236853626505e-4,0,0.9009583110376028,0.025017547029513757,0.07324581824752084,7.783236853626505e-4,0.9259758580671166,0.07324581824752084,0.5162094466012662,1.3114406730675572,0.7391288319766228,0.27906329576288874,0.3213784025603562
BC14,SE,July,0,0,0.9998517112521501,0,0.23450382584969454,0.5302607904778851,0.23508709492457044,1.4828874784981316e-4,0.0011764240662751845,4.94295826166044e-4,0.9983292801075587,1.4828874784981316e-4,0,0.9393597880459497,0.05931549913992526,0.0011764240662751845,1.4828874784981316e-4,0.998675287185875,0.0011764240662751845,0.5173994479887924,1.396726262812566,0.8405251941664399,0.2892098852034389,0.31831930386317137
BC15,SE,March,0,4.010963299685808e-5,0.9998796711010095,0,0.8209104886690287,0.09800120328898992,0.0810080887759877,8.021926599371616e-5,0.03050337589411057,4.010963299685808e-5,0.9694565144728926,8.021926599371616e-5,0,0.9674109231900528,0.002005481649842904,0.03050337589411057,8.021926599371616e-5,0.9693963500233973,0.030523430710609,0.49884201620559177,1.2391909176483173,0.6603626224444771,0.2795386876412307,0.30220238738317134
BC17,N,March,0,0.20073215501488936,0.797136359215365,0,0.3997053169188235,0.5078316581510707,0.09033153916036016,0.0021314857697457322,0.02157353315495074,0.0030178803374231646,0.9754085865076261,0.0021314857697457322,0.006898012199824377,0.8897249279675077,0.07967204090797154,0.02157353315495074,0.0021314857697457322,0.9732771007378804,0.024591413492373905,0.527385652859729,1.1858874786118743,0.723460585296126,0.270044503202798,0.3098297205194205
BC17,S,March,0.03329116452493508,0.001997469871496105,0.9340095138750176,0.027372735276057734,0.5983162068786944,0.17681307381021077,0.22376101382693034,0.0011097054841645027,0.0645108788127631,0.011859052607437985,0.9236300685797989,0.0011097054841645027,0.003699018280548343,0.9235043019582603,0.007176095464263784,0.0645108788127631,0.0011097054841645027,0.9224981689859512,0.07639212552988438,0.5237205918570311,1.3470613527076167,0.877112206481882,0.2641390618048754,0.31143393969070987
BC17,N,May,0,0.25546825556087244,0.7369834678850934,0.00602009786518068,0.4656314156491672,0.34055230538875936,0.19228810027321983,0.0015281786888535571,0.0379574888473828,8.798604572187148e-4,0.9611626506953985,0.0015281786888535571,0.0064831823163484245,0.9500486238673727,0.003982526280042604,0.0379574888473828,0.0015281786888535571,0.959634472006545,0.03883734930460152,0.5278144311424878,1.1696325870537931,0.7537355340558815,0.2740903840111365,0.3156400015909317
BC17,S,May,0.2114205416453756,0,0.5822687787429739,0.1876277465508431,0.2139754726622381,0.037765074092999486,0.7429899080224834,0.005269545222278999,0.08482370975983648,0.015121997956055186,0.9000542922841084,0.005269545222278999,5.588911599386817e-4,0.9079107051609606,0.0014371486969851814,0.08482370975983648,0.005269545222278999,0.8947847470618293,0.09994570771589167,0.5343917130317023,1.2242665305356588,0.8141688457961461,0.2423014310887761,0.2864160131508101
BC17,S,July,0.07199942400460796,0,0.760934220218546,0.16352176874892693,0.17806011398062663,0.1870157346433536,0.6338718521021063,0.0010522992739135009,0.018420775710717388,0.016316177162890386,0.9652630471263922,0.0010522992739135009,0.00498457550801132,0.9693116301223436,0.006230719385014151,0.018420775710717388,0.0010522992739135009,0.9642107478524787,0.03473695287360778,0.5234529164227534,1.30685283312984,0.8371258257650515,0.2627638010893866,0.2960459483071022
BC17,N,September,0.0028029337373117196,0.046181670148088334,0.9165232943814526,0.03443604305840113,0.40302850316664773,0.2669460702201638,0.3299693679384422,5.60586747462344e-5,0.005986265624687174,0.0027402014108099814,0.9912735329645029,5.60586747462344e-5,0.02349125417937441,0.9609898360283764,0.009476585492815815,0.005986265624687174,5.60586747462344e-5,0.9912174742897567,0.008726467035497155,0.5196588122764793,1.2271894395237826,0.7784884866602984,0.27269229641385356,0.3089072547545022
BC17,S,September,0.08463229581632148,0.024243626405717086,0.7105090610553692,0.17830085238386478,0.25051930949744067,0.12507507259313133,0.6220914535707005,0.0023141643387275404,0.07462629000887097,0.019670396879184093,0.905703313111945,0.0023141643387275404,0.0048487252811434175,0.9173843331074268,8.264872638312643e-4,0.07462629000887097,0.0023141643387275404,0.9022320666038537,0.09545376905741883,0.5334975390414952,1.2609873057830656,0.8113400509987491,0.2571190821357212,0.3029122020591948
BC18,SE,March,0,0,0.9998088593682801,0,0.13921409343591212,0.7487297112183622,0.11186505471400582,1.9114063171978782e-4,0.17543524314681194,0,0.8245647568531882,1.9114063171978785e-4,0,0.8241824755897486,1.9114063171978785e-4,0.17543524314681194,1.9114063171978785e-4,0.8243736162214683,0.17543524314681194,0.5395114856632539,1.3458460131406884,0.8055722087200587,0.25865029088125535,0.3485835910439193
BC18,NW,May,0,0.5784867649240146,0.4127482840922882,0.005528661389716689,0.1375423077441713,0.7129545975539044,0.14505319651020104,0.004449898191723189,0.04286735258026672,0,0.9571326474197334,0.004449898191723189,0,0.9526827492280101,0,0.04286735258026672,0.004449898191723189,0.9526827492280101,0.04286735258026672,0.5343414297742802,1.1955975915670845,0.6808600754558114,0.26705180187182226,0.30971957997344474
BC18,SE,May,0,0,0.9997968087114878,0,0.2136895050852853,0.5697822382028408,0.21632506542336175,2.031912885121572e-4,0.06383592980756939,0,0.9361640701924305,2.031912885121572e-4,0,0.9299921348038738,0.0059687441000446165,0.06383592980756939,2.031912885121572e-4,0.9359608789039184,0.06383592980756939,0.5237202015411975,1.3763168862731816,0.8323479642645439,0.28028973156067405,0.3302574951308324
BC18,NW,July,0,7.118855019178394e-4,0.9498516213093433,0.036385258986911785,0.31164765306180964,0.2453829775916241,0.41528493316087245,0.027684436185693752,0.020783694974464074,0.017975108923425444,0.9612411961021105,0.027684436185693752,0,0.9369975398423529,0.014534328997489219,0.020783694974464074,0.027684436185693752,0.9335567599164167,0.038758803897889514,0.529733618171095,1.2004746997753901,0.699950636815674,0.2723818022403359,0.29589057849950284
BC18,NW,September,0,9.095848412228701e-4,0.9805348843978305,0.016008693205522513,0.267781777256013,0.41685666883349987,0.3097221278949054,0.005639426015581795,0.06969845443343779,0.01159417477612085,0.9187073707904414,0.005639426015581795,0,0.9148386032657734,0.009823516285206998,0.06969845443343779,0.005639426015581795,0.9130679447748595,0.08129262920955864,0.5330252204488263,1.202482103066536,0.6985175890979647,0.2672270014478265,0.3082838661893107
BC18,SE,September,0,0.011324207531956915,0.9885806691247747,0,0.24061676163902052,0.6325702327351133,0.12556281311433828,0.0012501925115280435,0.010508864589656016,0,0.9894911354103441,0.0012501925115280435,0,0.9702354529230045,0.018005489975811494,0.010508864589656016,0.0012501925115280435,0.988240942898816,0.010508864589656016,0.5189761498875728,1.2725330992837107,0.7957730074874244,0.2711602299543337,0.3053978107976541
BC19,SE,March,0,0,0.9955766710353866,0,0.45461992136304064,0.11304062909567497,0.427916120576671,0.004423328964613368,0,9.829619921363042e-4,0.9990170380078637,0.004423328964613368,0,0.9882044560943644,0.00737221494102228,0,0.004423328964613368,0.9955766710353866,0,0.5145249004442981,1.1707783939443803,0.7045319038999507,0.30673249465196645,0.28389869507980914
BC19,NW,May,0,0,0.9974877906626204,0,0.5115260164398979,0.09646883855537915,0.3894929356673433,0.0025122093373796655,0.0044214884337882105,0.008039069879614929,0.9875394416865969,0.0025122093373796655,0,0.9763852322286312,0.016681070000200977,0.0044214884337882105,0.0025122093373796655,0.988644813795044,0.008842976867576421,0.5177026863716957,1.2587444189232753,0.7474496397485493,0.30104525145067695,0.3000639750564152
BC19,SE,May,0,0,0.998043665388528,0,0.6017685264887707,0.10517254871273182,0.29110259018702556,0.001956334611471946,0,0.0028171218405196024,0.9971828781594804,0.001956334611471946,0,0.9924094217074888,0.005634243681039205,0,0.001956334611471946,0.998043665388528,0,0.5194722126391721,1.1900890073702368,0.7061152328681198,0.29293055198369145,0.2915824070879724
BC20,NW,March,0,0.057944723081848254,0.9357592572831075,0.003734926902144915,0.7369544338917938,0.1205847828406787,0.14053996371785293,0.001920819549674528,0.160335076299221,0.004215131789563547,0.8354497919112154,0.001920819549674528,0,0.7769181517447444,0.060825952406360045,0.160335076299221,0.001920819549674528,0.8356632163056237,0.16241596414470175,0.5279461317243712,1.1925069369572574,0.6365341648810195,0.27672171083793845,0.32875926356152024
BC20,NW,May,0,0,0.9963615049434873,0.0028754064276392912,0.40764415739532417,0.4089933865652165,0.1827984340094225,5.64022030036938e-4,0.41667956913140614,0.0014708809802924069,0.5818495498883015,5.64022030036938e-4,0,0.5562141956603481,0.026542213178208842,0.41667956913140614,5.64022030036938e-4,0.5813629426467011,0.41807303532326207,0.5807485737975314,1.2720471094260253,0.5997015581336138,0.2393209910887253,0.41176323137211496
BC20,NW,July,0,0,0.9881674655582745,0.011731974658934738,0.5759840892077007,0.011095096034592565,0.412820254974916,1.0055978279086918e-4,0.008648141320014749,1.2290640118884012e-4,0.9912289522787965,1.0055978279086918e-4,0,0.9890725036033923,0.002178795293802165,0.008648141320014749,1.0055978279086918e-4,0.9911283924960056,0.008771047721203589,0.5234490566649885,1.1938362126755049,0.7116931100296471,0.2757239976506125,0.30621820070481626
BC01,NW,March,0,0,0.9429390466745012,0.05706095332549878,0.77450733980477,0.004279571499412408,0.2212130886958176,0,0.0077745548905992085,0.0017831547914218368,0.990442290317979,0,0,0.9922254451094008,0,0.0077745548905992085,0,0.990442290317979,0.009557709682021045,0.521007921350986,0.9945921939936554,0.638710725896842,0.2906033765139834,0.28794619831398466
BC01,NW,May,0,0,0.8870059876856466,0.11299401231435334,0.619140720416589,0.034230539024642334,0.3466287405587687,0,0.08591167390991519,0.004486526959540499,0.9096017991305443,0,0,0.9036197631844903,0.0104685629055945,0.08591167390991519,0,0.9096017991305443,0.09039820086945569,0.5227816727666816,1.1025984795359536,0.6789656841604661,0.2813547345355232,0.28592785607155047
BC01,NW,July,0,0.09098556760078516,0.9071947210471991,0.0018197113520157034,0.49627406642841376,2.386506691168135e-5,0.41271650090388945,0.09098556760078516,0.006109457129390428,0.005817110059722331,0.9880734328108872,0.09098556760078516,0,0.9011150952514483,0.0017898800183761016,0.006109457129390428,0.09098556760078516,0.8970878652101021,0.011926567189112757,0.5476505019420198,1.021949113114451,0.6383135934227875,0.2749608903459838,0.29878426039174505
BC01,NW,September,0,0,0.9358311646643613,0.06416883533563866,0.561945206944494,0.017379059570068807,0.42067573348543724,0,0.05226195144558126,0.0018938718762254467,0.9458441766781933,0,0,0.9352607750169335,0.012477273537485296,0.05226195144558126,0,0.9458441766781933,0.05415582332180671,0.5260987223717515,1.135407432310791,0.7146515488752629,0.2852678087679584,0.3064732383426616
BC02,NW,March,0,0.058987961656276684,0.9382252055095686,0.002786832834154804,0.21783743320310053,0.555624796309614,0.22653777048728546,0,0.6366268020551344,0.012178846545372348,0.3511943513994933,0,0.04644721390258006,0.31541644959045173,0.0015095344518338523,0.6366268020551344,0,0.35115951598906636,0.6488404840109336,0.6060844058450728,1.2650140894624295,0.6128129684052471,0.232400418143744,0.42140066105555285
BC02,SE,March,0,0.0010136061722653504,0.8797386088553406,0.11924778497239415,0.06731537461691649,0.6856747635912663,0.24700986179181722,0,0.7140656737301105,0.0010831673801659136,0.2848511588897236,0,0.05564896632045059,0.23028535994943897,0,0.7140656737301105,0,0.2848511588897236,0.7151488411102764,0.6090303985211981,1.3366507513267476,0.6494888257041204,0.2189023370634652,0.4419700506847409
BC02,NW,May,0,0.5955475896826171,0.3916754656042874,0.012776944713095482,0.04738116997772908,0.2654765179276506,0.6871423120946203,0,0.25491779278280086,0.011446012972148036,0.7336361942450511,0,0.015083893064071057,0.7272477218885034,0.002750592264624722,0.25491779278280086,0,0.7336361942450511,0.2663638057549489,0.6361382204255568,1.077392687798566,0.6126681480400455,0.1936557902571437,0.3230257296440073
BC02,SE,May,0,0.031131433018776144,0.8287771183967312,0.14009144858449266,0.08418458345494051,0.3938126276875183,0.5220027888575413,0,0.500210785744398,0.06187372312481758,0.43791549113078443,0,0.0661542951648993,0.43363491909070273,0,0.500210785744398,0,0.4015954859422123,0.5984045140577877,0.5842329725773397,1.3585423131973584,0.6762536527764224,0.23797175888878044,0.39356681727985426
BC02,NW,July,0,0.9273185136243374,0.07143177978503598,0.0012497065906265485,0.008838504582981967,0.06712192209944912,0.9240395733175688,0,0.05434955850945142,0.060398862875672685,0.8852515786148759,0,0.001738722213045633,0.9434770387242416,4.3468055326140826e-4,0.05434955850945142,0,0.8759059467197556,0.12409405328024438,0.6491167960326624,0.9349086639758415,0.6130573466819365,0.1794678251801643,0.25415061029279407
BC02,SE,July,0,0.4112094826955441,0.4373307968098339,0.15145972049462209,0.021218994658666862,0.03261871661666788,0.9461622887246653,0,0.2619009292456282,0.2942562376527402,0.44384283310163164,0,0.015219140996561057,0.7228799297578108,0,0.2619009292456282,0,0.3809175385966196,0.6190824614033804,0.6070632285066218,1.3382045695470843,0.7712806495939124,0.2261746785688154,0.32588767454452333
BC02,NW,September,0,0.9358833810597608,0.06245854823230156,0.0016580707079376722,0.015020169942494208,0.0258756564009332,0.9591041736565726,0,0.010858900133425924,0.014971403156966627,0.9741696967096075,0,0.0017556042789928293,0.9860687923783367,0.001316703209244622,0.010858900133425924,0,0.9668546788804707,0.03314532111952934,0.6494420026696994,0.8922886107010036,0.5972968310097245,0.17597184333795457,0.24558476016216246
BC02,SE,September,0,0.013933547695605572,0.7127545551982851,0.2733118971061093,0.04541800643086817,0.07583065380493034,0.8787513397642015,0,0.13441184351554128,0.03466639871382637,0.8309217577706324,0,0.01607717041800643,0.8495109860664524,0,0.13441184351554128,0,0.8269024651661308,0.17309753483386925,0.603590649579604,1.33998370490914,0.824519076484947,0.2155952407106048,0.34533835706536475
BC03,NW,March,0,0.07550668962776526,0.92007771448757,0.0044155958846646345,0.2844379682371469,0.035519789228889764,0.6800422425339633,0,0.39615622378239945,0.2951384289309843,0.30870534728661636,0,0,0.6038437762176007,0,0.39615622378239945,0,0.30870534728661636,0.6912946527133838,0.7218693254445985,1.1369669533000106,0.5169619129546944,0.2091602034409716,0.566755758712912
BC03,NW,May,0,0.31192199598423104,0.6880780040157689,0,0.5654850670358675,0.33433012099193,0.10018481197220241,0,0.37523213481158024,0.020274817754342294,0.6044930474340774,0,0.001269159170850848,0.6151278547215894,0.00837085129597949,0.37523213481158024,0,0.6044930474340774,0.39550695256592255,0.6270522834025081,0.995647477638382,0.560986448744448,0.23724602537054446,0.36464245358997804
BC03,NW,July,0,0.560363653596638,0.4396363464033619,0,0.279810385747935,0.3686488383501357,0.3515407759019293,0,0.10922480252784847,0.10732276818364045,0.7834524292885111,0,0.0046109923495951935,0.7632044091333512,0.12295979598920516,0.10922480252784847,0,0.7833563669478946,0.2166436330521055,0.5990607556889139,1.202589137275763,0.6824091977233955,0.2422465719189682,0.3328731125231951
BC03,NW,September,0,0.5205724740167902,0.47942752598320987,0,0.30320881288196294,0.393802955792861,0.3029882313251761,0,0.0900621520974711,0.07045634431483476,0.8394815035876942,0,0.018295293827609027,0.8708819369655764,0.020760617109343574,0.0900621520974711,0,0.8394815035876942,0.16051849641230584,0.585685066704145,1.153626168133365,0.6558153330882829,0.26236527405997967,0.34707627862224044
BC04,NW,March,0,0,0.9897531313621595,0.009437905324326876,0.7299545632272244,0.15383785678652806,0.11620757998624762,0,0.008871631004867262,0.004112230177028138,0.9870161388181047,0,0,0.9203440790626812,0.07078428993245156,0.008871631004867262,0,0.9870161388181047,0.012983861181895403,0.5161116667358143,1.4054269594379676,0.7900426910896292,0.32782914035597227,0.31221897730572956
BC04,SE,March,0,0.00353469648248607,0.9933724440953386,0.0030928594221753115,0.5954981712855003,0.16200692211394488,0.24249490660055473,0,0.00942585728662952,0.0012518716708804832,0.9893222710424899,0,0.002061906281450208,0.9524288765065416,0.03608335992537864,0.00942585728662952,0,0.9897641081028008,0.010235891897199244,0.5153663186041354,1.308573256031742,0.74080040466274,0.2953878729329423,0.3107348655642359
BC04,NW,May,0,0.0498419187892686,0.9436118791983195,0.0065462020124119735,0.4045539493156638,0.22328289583328237,0.3721631548510539,0,0.06273629019033161,8.01030837684674e-4,0.9364626789719838,0,0,0.8749613113230827,0.062302398486585746,0.06273629019033161,0,0.9364626789719838,0.06353732102801628,0.5197387357160284,1.3686031505163496,0.7567045470244894,0.31019971175190264,0.31759162206412495
BC04,SE,July,0,0.031249999999999993,0.9466594827586207,0.022090517241379306,0.21592133620689652,0.15328663793103448,0.630792025862069,0,0.02990301724137931,0.02990301724137931,0.9401939655172414,0,0.004310344827586207,0.9375,0.028286637931034482,0.02990301724137931,0,0.9401939655172414,0.05980603448275862,0.5342209345385625,1.3127885624726636,0.7950856947076833,0.26730523254118677,0.31497087184720807
BC05,SE,March,2.672812948531423e-4,1.6036877691188537e-5,0.9845707417857775,0.0026728129485314228,0.6285565117296396,0.1772074984876333,0.19423598978272702,0,0.030750712972854023,0.06443929284496884,0.9048099941821772,0,0.0031182817732866605,0.9634421554276368,0.0026888498262226117,0.030750712972854023,0,0.9036406385171947,0.09635936148280536,0.5140157274499667,1.1155616241509259,0.6783025527307962,0.2800994209198196,0.2996837113151867
BC05,SE,May,2.4413055885282508e-4,0.1844542000221345,0.7862034768531679,0.014430828589966995,0.2606229343842159,0.28584975879900787,0.453507776372068,1.9530444708226005e-5,0.2429641572938616,0.0843064196571756,0.6727294230489629,1.9530444708226005e-5,2.8210642356326455e-4,0.7080165965379032,0.04871760929996377,0.2429641572938616,1.9530444708226005e-5,0.6655487295445718,0.33443174001072007,0.5253304587329973,1.1953477249634206,0.6950976126510595,0.26129241234487616,0.31472364378420853
BC05,NW,July,0.0055681885591125704,0,0.9618452533960808,0.032586558044806514,0.4425602594269669,0.06786229806418445,0.48957744250884855,0,0.036541237419176247,0.25547228758428414,0.7079864749965398,0,0.004745615249243668,0.9561327190398039,0.0025804282917762443,0.036541237419176247,0,0.7002353034227751,0.29976469657722504,0.5098032378937378,1.1720345507286498,0.6387672278488522,0.2852203117078283,0.2776952596444744
BC05,SE,July,1.4816323884840125e-4,0,0.9670089854830893,0.020989792170190175,0.4096343146061172,0.03323177978003933,0.5571339056138435,0,0.024341985449135253,0.1891550682631256,0.7865029462877391,0,3.704080971210031e-4,0.9716066759886037,0.003680930465139968,0.024341985449135253,0,0.774402948448453,0.22559705155154694,0.5190277305881728,1.1536391116338205,0.6788341459795644,0.2745336640770694,0.2885270365511188
BC05,NW,September,0.017215887624770866,0.025410177386675534,0.8417477789732161,0.1156261560153375,0.4240938908024218,0.08783254338541567,0.48807356581216244,0,0.03139949408139845,0.049638486057691736,0.9189620198609098,0,0.011227752798763608,0.9555014609867106,0.001871292133127268,0.03139949408139845,0,0.9171892167874208,0.08281078321257918,0.5162983604361294,1.1716419085612606,0.7169052829109086,0.2728256963024885,0.29619503369036077
BC05,SE,September,0.01839738348323794,0.03380715768287314,0.8369394301528398,0.0754764450594377,0.32555506635637455,0.07851122712120259,0.5959337065224228,0,0.05421724636769608,0.11887540096861438,0.8269073526636895,0,5.975218567205484e-4,0.9383451789420718,0.00684005283351154,0.05421724636769608,0,0.8198314359393672,0.18016856406063275,0.5242619481046017,1.133607572471113,0.6883414173254949,0.2702245065544969,0.28560387779579705
BC06,NW,March,0,0.003026512247286228,0.9969734877527139,0,0.7747871353052743,0.0758645736653081,0.1493482910294177,0,0.029165489689681617,0.004570033493402204,0.9662644768169163,0,0,0.7640228400790929,0.20681167023122554,0.029165489689681617,0,0.9692909890642025,0.03070901093579759,0.545624301286996,1.1721043603588972,0.6692099803093662,0.27077694592180584,0.31210569465307947
BC06,NW,May,0,0.1313446868372908,0.8686553131627092,0,0.5990496454149513,0.20009015914668052,0.20086019543836814,0,0.11109571428320847,0.007296927046516157,0.8816073586702754,0,0,0.85884655930595,0.030057726410841555,0.11109571428320847,0,0.8838525669922803,0.11614743300771965,0.5472460052975379,1.193232962641876,0.7180616032424769,0.2644610272640224,0.3080906645016992
BC06,NW,July,0,0,1,0,0.6379769732193558,0.041880888697041874,0.3201421380836025,0,0.009094319358477283,0.004674986318053232,0.9862306943234695,0,0,0.9212754914580974,0.06963018918342545,0.009094319358477283,0,0.9862306943234695,0.013769305676530515,0.5395191161543469,1.132441741991032,0.6946876079294811,0.2655405536840085,0.2872386752559006
BC06,NW,September,0,0.04149780921475677,0.9585021907852432,0,0.5644075907343991,0.0994452004605883,0.33614720880501264,0,0.03070837881892001,0.015141092551330173,0.9541505286297498,0,0,0.9434209148958442,0.025870706285235752,0.03070837881892001,0,0.9505989143275859,0.04940108567241405,0.5343908699282395,1.176837467692678,0.7435880933038468,0.27512547133336346,0.28513067172150264
BC07,S,March,0,0.069702290528143307,0.9154418292658867,0.014855880205969972,0.5030875766961943,0.1379051827884862,0.35900724051531946,0,0.17928660208732022,0.10258054333458283,0.718132854578097,0,0.03452561800856235,0.7861877799041174,0,0.17928660208732022,0,0.7172450529721625,0.2827549470278375,0.5204699936623624,1.275542621405371,0.6277678305474134,0.27640504693812884,0.3130036227521191
BC07,S,July,0,0.24555757970648331,0.7396675960031146,0.014774824290402127,0.033330526116718155,0.45849973479190415,0.5081697390913779,0,0.5579202661832345,0.14436702436516272,0.29771270945160283,0,0.0979570850453661,0.3441226487713995,0,0.5579202661832345,0,0.27510722828728756,0.7248927717127125,0.5541881306465813,1.3214794764723612,0.5857205886475226,0.27078221082451037,0.3414220418780539
BC07,S,September,0,0.5554919908466819,0.4200991609458429,0.024408848207475208,0.06365369946605645,0.014549961861174675,0.9217963386727689,0,0.38266590389016014,0.21498855835240274,0.4023455377574371,0,0.11403508771929824,0.5032990083905415,0,0.38266590389016014,0,0.37946224256292904,0.620537757437071,0.6032634398735476,1.3087429927741512,0.6122046655992116,0.23218391406987723,0.3744274379028616
BC09,NW,July,0,0.38052160178055394,0.43908962001687213,0.1803887782025739,0.21947301347979825,0.46039523989015135,0.3201317466300504,0,0.0057796205553461485,0.002871861145513614,0.9913485182991402,0,0,0.96841850196543,0.025801877479223877,0.0057796205553461485,0,0.9942203794446538,0.0057796205553461485,0.5289005337592565,1.2788794569478728,0.8033554748076085,0.26360969740090023,0.3062277682590388
BC09,SE,September,0,0,1,0,0.632104644241518,0.18280803124228742,0.18508732451619458,0,0.005001379190197587,0.008021079833335752,0.9869775409764667,0,0,0.9849813446378537,0.010017276171948723,0.005001379190197587,0,0.9916232342736023,0.0083767657263977,0.513191664638675,1.1925768368072565,0.7062184827989444,0.2915776522178853,0.3088061149476146
BC10,NW,March,0,0.06475328714831048,0.6856637918846318,0.2495829209670578,0.2052877138413686,0.05839106461190443,0.7363212215467271,0,0.08101936943305528,0.03771030680050898,0.8812703237664358,0,0,0.9189806305669448,0,0.08101936943305528,0,0.8812385126537537,0.1187614873462463,0.552158788168211,1.22936997277263,0.8162534905915895,0.23330539308624376,0.3113839880256593
BC10,SE,March,0.016056196688409432,0.2567557881155473,0.6884811124650563,0.038706902730987015,0.20643681456526414,0.30850835065586696,0.48505483477886885,0,0.1348075406780876,0.037115618952046445,0.828076840369866,0,0.030105368790767684,0.8293527345709985,0.0057343559601462256,0.1348075406780876,0,0.8264640527560748,0.17353594724392515,0.5516023469779167,1.2098871110745795,0.702084249365262,0.2606770719856796,0.3235629048167023
BC10,NW,May,0,0.22715680604059438,0.6605826323149347,0.1122605616444708,0.11229716834935487,0.12110474154446128,0.7665980901061838,0,0.07239830047271459,0.037387647921593326,0.8902140516056921,0,0,0.8893354906884745,0.03826620883881092,0.07239830047271459,0,0.8902140516056921,0.10978594839430791,0.5852870637290443,1.1957357468925498,0.7580702279619855,0.21415149321337523,0.3194881747708556
BC10,SE,May,0.043671018463249514,0.5036792152821356,0.41839998775578924,0.03373960304948872,0.08881984514474528,0.522657741997473,0.3885224128577818,0,0.02348167534815223,0.0873182287388633,0.8892000959129845,0,0.0026529123365525405,0.9685765934905014,0.005288818824793848,0.02348167534815223,0,0.8885878853737801,0.11141211462621996,0.5395608561391348,1.280953664998488,0.7400516029463228,0.25826651153625313,0.2960542080568608
BC10,NW,July,0,0.07174102969837302,0.48959548873099173,0.43866348157063517,0.03551158059372308,0.03320523707989418,0.9312831823263826,0,0.020590607225117456,0.030142840559876344,0.9492665522150062,0,0,0.9745217773813379,0.004887615393544683,0.020590607225117456,0,0.9482737553381925,0.051726244661807565,0.5394817991786474,1.3365123615132273,0.9144081515370852,0.22833103068267951,0.30308406122246107
BC10,SE,July,0.02877761544251118,0.3777984386298904,0.4999335901182096,0.09238352444621538,0.029685217160313457,0.3652543498472573,0.6050604329924293,0,0.020970764894260713,0.05740765336993256,0.9216215817358068,0,0.004980741134280781,0.9728014639689497,0.001247030002508818,0.020970764894260713,0,0.9120290432549697,0.08797095674503033,0.5421101030695832,1.3336895007426413,0.8229814275587362,0.25149252441713926,0.3093480961382663
BC10,NW,September,0,0.1104882117246479,0.6485228113016113,0.24098897697374075,0.039713418513869066,0.054384275420886995,0.9059023060652439,0,0.008540265859572493,0.009662344585647712,0.9817973895547798,0,0,0.9703938883252223,0.021065845815205243,0.008540265859572493,0,0.9815501883028667,0.018449811697133327,0.5714129303294941,1.2672575655639469,0.8160831301937838,0.21913342653136758,0.31827281032720284
BC10,SE,September,0.14521066313895,0.32815969070949147,0.4478713203812805,0.07711752731673051,0.03315335825295985,0.4054823178329154,0.5613643239141247,0,0.0025073451368272087,0.04163526075876674,0.9558573941044061,0,0.013331487435073092,0.9823870541002014,0.0017741133278981885,0.0025073451368272087,0,0.9511400985504571,0.04885990144954289,0.5395525815699971,1.2962373115874213,0.8130078214369953,0.24555062732923982,0.3024902296940507
BC11,NW,March,0,0,1,0,0.8738774393531713,0.07437254803005712,0.05175001261677154,0,1.6733823306762854e-4,0.005577941102254285,0.994254720664678,0,0,0.9626463877519038,0.03718627401502856,1.6733823306762854e-4,0,0.9998326617669323,1.6733823306762854e-4,0.5524680574421686,1.6634789290087468,1.010476355213914,0.41224590858020144,0.37213476502259063
BC11,SE,March,0,0,1,0,0.8431533936924097,0.1234617469335314,0.033384859374058974,0,6.624776664726075e-4,0.006022524240660068,0.9933149980928674,0,0,0.9391122799269268,0.06022524240660068,6.624776664726075e-4,0,0.9993375223335275,6.624776664726075e-4,0.5479524206532431,1.6485815283159015,0.9871380083512337,0.40570910143938327,0.3669058958504808
BC11,NW,May,0,0,1,0,0.7168505788712012,0.2170767004341534,0.06607272069464544,0,0.006376628075253256,0.0047485528219971054,0.9888748191027497,0,0,0.884270984081042,0.10935238784370477,0.006376628075253256,0,0.9936233719247467,0.006376628075253256,0.551814428816932,1.6888720011758322,1.014333053093343,0.41311051827062223,0.3714104260130246
BC11,SE,May,0,0,0.9999999999999999,0,0.6734793902857422,0.20898887418516884,0.11753173552908885,0,0.004607165612900065,0.0068617360192128616,0.9885310983678871,0,0,0.9071705141400775,0.0882223202470225,0.004607165612900065,0,0.9953928343871,0.004607165612900065,0.547702820299093,1.6625855523412603,0.9990773964206914,0.4019361593527825,0.36684908948271633
BC11,NW,July,0,0,1,0,0.5417474847792785,0.301154679993368,0.15709783522735357,0,2.988381055318806e-4,0.0018201656483115647,0.9978809962461566,0,0,0.8476345954582565,0.15206656643621164,2.988381055318806e-4,0,0.9997011618944681,2.988381055318806e-4,0.5472247981121904,1.6668056406503222,0.987121438840945,0.3964250538421546,0.36353495531824276
BC11,SE,July,0,0,1,0,0.46881376683444437,0.41973881104611616,0.11144742211943955,0,0.0013263501564413005,0.003740987620731873,0.994932662222827,0,0,0.7997211263773637,0.19895252346619507,0.0013263501564413005,0,0.9986736498435588,0.0013263501564413005,0.5424995483607673,1.680888009794586,0.9797808393415862,0.39854752584682357,0.3604072289484424
BC11,NW,September,0,0,1,0,0.7089165645051685,0.20745329312894206,0.08363014236588957,0,0.0030050847399747983,7.683455301071929e-4,0.9962265697299181,0,0,0.8932682686955542,0.10372664656447103,0.0030050847399747983,0,0.9969949152600253,0.0030050847399747983,0.5462810066009419,1.642535154300857,0.9751812945768465,0.3976080600812056,0.3634840952475268
BC11,SE,September,0,0,1,0,0.614850921511421,0.26239948765388177,0.12274959083469722,0,0.006226428520600583,0.004002704048957518,0.9897708674304418,0,0,0.8736924500106739,0.12008112146872554,0.006226428520600583,0,0.9937735714793994,0.006226428520600583,0.5421578511705686,1.646895231089447,0.9763395602362485,0.4004464818899878,0.36218933323845437
BC12,SE,July,0,0,1,0,0.3644591912806997,0.49298066927769674,0.1425601394416036,0,0.024412780746978592,0.018335835862112414,0.957251383390909,0,0,0.9406743177546543,0.03491290149836723,0.024412780746978592,0,0.9574745109568761,0.042525489043124,0.5151813238608872,1.3193407079552026,0.7794927182340654,0.27660594498271124,0.31766712864510194
BC12,SE,September,0,0,1,0,0.3955446720210542,0.44673967632299183,0.15771565165595403,0,0.13723375677895827,0.03155597774671905,0.8312102654743228,0,0,0.7864603812957203,0.07630586192532147,0.13723375677895827,0,0.8312316778335365,0.1687683221664636,0.534304519828246,1.3297189833132261,0.7399861046177263,0.2754952675115995,0.33947332563640215
BC13,NW,March,0,7.024727039177907e-5,0.9893926621708414,0.01053709055876686,0.4577780453864269,0.2610856882894455,0.28113626632412764,0,0.23440343341896808,0.007059850674373796,0.7585367159066582,0,0.2341575679725969,0.5209019080496682,0.01053709055876686,0.23440343341896808,0,0.7585367159066582,0.2414632840933419,0.4793376347755108,1.1635989907434354,0.5153423703094108,0.2871167925519281,0.3035911292205685
BC13,NW,May,0,7.684491841631161e-4,0.9664443856248773,0.03278716519095962,0.40100239926911946,0.35621888848094674,0.24277871224993383,0,0.2876988362264022,0.004568003483636301,0.7077331602899616,0,0.1238057018929465,0.5722726457705412,0.016222816110110228,0.2876988362264022,0,0.7077331602899616,0.2922668397100385,0.5031357012098805,1.3798053033239697,0.7134712095390159,0.28544416670224304,0.327576206934827
BC13,SE,May,0,0,1,0,0.6177095669949221,0.30208147439121336,0.08020895861386461,0,0.12230892778922436,0.0026768766527685397,0.8750141955580072,0,0.00940962702185305,0.8066321647009199,0.06164928048800272,0.12230892778922436,0,0.8750141955580072,0.1249858044419929,0.5188066939762164,1.3022094106004316,0.712657387206152,0.30850455717970765,0.32723354142669414
BC13,NW,July,0,0,0.910139978723466,0.08986002127653409,0.4094428388809819,0.037628159231957704,0.5529290018870605,0,0.01813433203567733,0,0.9818656679643227,0,0.2790008725118195,0.7020676501024695,7.971453500337702e-4,0.01813433203567733,0,0.9818656679643227,0.01813433203567733,0.48930753961949053,1.275315037343508,0.6223892976637112,0.28242457547853617,0.31030788493096667
BC13,SE,July,0,0,0.9749942383037566,0.025005761696243377,0.7651532611200738,0.08216178843051396,0.15268495044941233,0,0.028347545517400326,0,0.9716524544825997,0,0.006337865867711455,0.9526388568794654,0.01267573173542291,0.028347545517400326,0,0.9716524544825997,0.028347545517400326,0.5124382599677345,1.1186963586079743,0.6612382841668587,0.2988254067757548,0.30432774371975113
BC13,NW,September,0,0,0.9858876104980497,0.014112389501950255,0.5550873204100433,0.08765361923989103,0.35725906035006566,0,0.08007801015308023,2.646073031615673e-4,0.9196573825437582,0,0.2352064916991709,0.6823634332307572,0.002352064916991709,0.08007801015308023,0,0.9196573825437582,0.0803426174562418,0.49258638291616846,1.1426717232795625,0.5570665920539407,0.28925488602285426,0.3061387579137184
BC13,SE,September,0,0,0.9947678981484173,0.005232101851582711,0.6447112170450251,0.17824026974391768,0.1770485132110572,0,0.13020666802313752,0.0012644246141324885,0.86852890736273,0,0.011626893003517135,0.8372380315670145,0.020928407406330844,0.13020666802313752,0,0.86852890736273,0.13147109263727,0.5117419326802894,1.118508049007354,0.641401937621719,0.3046559157631602,0.3120811885591373
BC15,NW,March,0,8.043758043758043e-5,0.9918758043758044,0.008043758043758044,0.7775632775632775,0.04638567138567139,0.17605105105105107,0,0.030606499356499357,4.021879021879022e-5,0.9693532818532818,0,0,0.9693935006435006,0,0.030606499356499357,0,0.9693532818532818,0.030646718146718148,0.5035180708386958,1.271846115937366,0.6904383566602317,0.28526626528314025,0.3033890141033891
BC15,NW,May,0,0,0.9845459735822004,0.015454026417799605,0.6484251917801751,0.11976870473794693,0.231806103481878,0,0.09173252514498882,0.0010088045022730297,0.9072586703527381,0,0,0.905691803785378,0.0025756710696332673,0.09173252514498882,0,0.9074089178318001,0.0925910821681999,0.5069003578894952,1.349353524462436,0.7498764315365166,0.2845310215111462,0.31120944116523364
BC15,SE,May,0,0,1,0,0.7180347322060199,0.14413180895004676,0.13783345884393328,0,0.053353415029323836,9.812646904452204e-4,0.9456653202802309,0,0,0.9272494922525729,0.019397092718103193,0.053353415029323836,0,0.9464640240980352,0.05353597590196481,0.5032020704684969,1.3098520996782363,0.7060806478628968,0.28682015198192645,0.3087630332488989
BC15,NW,July,0,0,0.9603694993759571,0.039630500624042775,0.2401223041283147,0.08433728308149158,0.6755404127901936,0,0.008893469636569045,0.004334586005754679,0.9867719443576762,0,0,0.9911065303634309,0,0.008893469636569045,0,0.9867719443576762,0.013228055642323724,0.5193455887675053,1.4636618358416595,0.8733640508976721,0.2779979383332898,0.3201588089245686
BC15,SE,July,0,0,1,0,0.20344464960442166,0.2531212169383338,0.5434341334572446,0,0.030982892918719963,7.642548820601866e-5,0.968940681593074,0,0,0.9625056554861272,0.006511451595152789,0.030982892918719963,0,0.968940681593074,0.03105931840692598,0.5228964403453209,1.3978775345748908,0.8356304601425794,0.2738915518042529,0.32378584930116533
BC15,NW,September,0,0,0.9903856659018901,0.00961433409810991,0.3995411340544084,0.09920244728504314,0.5012564186605485,0,0.0244728504315525,0,0.9755271495684475,0,0,0.9707199825193925,0.004807167049054955,0.0244728504315525,0,0.9755271495684475,0.0244728504315525,0.5185395913908009,1.3584404829017809,0.8139204730689391,0.2828810488364471,0.31464289631814707
BC15,SE,September,0,0,1,0,0.3955321944809461,0.1618780409844799,0.44258976453457405,0,0.07511453634975318,0.0015981816244628336,0.923287282025784,0,0,0.8716127428348192,0.053272720815427776,0.07511453634975318,0,0.923287282025784,0.07671271797421601,0.5214382792795993,1.3698467493161877,0.801935769599659,0.2890643351923555,0.3182481009555611
BC16,NW,March,0,0.05262886757266348,0.9334617801910217,0.009272901490876494,0.8750012879029848,0.02123494441410717,0.10376376768290797,0,0.03774070906786734,4.1212895515006636e-5,0.9622180780366177,0,0,0.9030157536293106,0.05924353730282205,0.03774070906786734,0,0.9622180780366177,0.03778192196338234,0.5206106402227582,1.0148522322398998,0.5883334308072914,0.2872843201838376,0.2911447758444005
BC16,SE,March,0,0.03355419037214648,0.9600612913752252,0.006384518252628294,0.7739454904019409,0.07207411716300384,0.15398039243505526,0,0.10557155626179363,2.908502759530667e-4,0.8941375934622533,0,0,0.8332789466963665,0.061149497041839876,0.10557155626179363,0,0.8941588751897621,0.10584112481023793,0.5214322977949077,1.1754995482354964,0.6735760561947473,0.29015366440760537,0.3098118506153912
BC16,NW,May,0.001827835320741579,0,0.9630777265210202,0.026947515014361566,0.7824701888763166,0.07321786056227697,0.14431195056140658,0,0.11175907389677082,0,0.8882409261032292,0,0,0.8807468012881888,0.007494124815040474,0.11175907389677082,0,0.8882409261032292,0.11175907389677082,0.5151613744142374,1.164085929585622,0.6682351589237763,0.2914982775505906,0.3119263639714271
BC16,SE,May,0,0.0064227254376628615,0.9856864975960656,0.007890776966271516,0.7329247256578706,0.12882152163540941,0.13825375270672,0,0.32720115976070757,0.004468381840202591,0.6683304583990898,0,0,0.6423673554275088,0.031410185830855995,0.32622245874163514,0,0.6683304583990898,0.33166954160091017,0.5250828405919507,1.3287886629700354,0.7391326422958284,0.29075336754553466,0.3358987152981786
BC16,NW,July,0.02744730674976134,0.00133889301218348,0.9029302566166976,0.06828354362135748,0.5783571514961906,0.021221454243108163,0.40042139426070117,0,0.026465451874160127,0,0.97353454812584,0,0,0.957858342441525,0.015676205684314916,0.026465451874160127,0,0.97353454812584,0.026465451874160127,0.5253193847652721,1.2620971162922305,0.7620303658703675,0.2934601428821993,0.3181789160768471
BC16,SE,July,0,0.026703033655359205,0.9732969663446408,0,0.37918307790610073,0.0813298110760369,0.5394871110178624,0,0.19304385973277896,0.013351516827679603,0.7936046234395415,0,0,0.7205845421224462,0.09082210375400149,0.1885933541235524,0,0.7936046234395415,0.20639537656045856,0.5481198218526184,1.3625329026197583,0.800458611537618,0.2733457643266544,0.34588160513842664
BC16,NW,September,0.014264805307696308,0.006258683328751754,0.9580793034020075,0.021397207961544464,0.5655400937613766,0.08380573118271581,0.3506541750559076,0,0.17193250963988796,0.0010059659576365002,0.8270615244024756,0,0,0.8114252175011331,0.016642272858979026,0.17193250963988796,0,0.8270615244024756,0.17293847559752445,0.5295440313379941,1.2228843514342815,0.7126925331025209,0.28815322200346216,0.3253161201364072
BC16,SE,September,0,0.010566752154626807,0.9867915598067165,0.0026416880386567016,0.5514523780695865,0.14683382681533497,0.3017137951150785,0,0.3330728335406325,0.005888762919505564,0.6610384035398619,0,0,0.6253205798505245,0.04336771196794752,0.33131170818152805,0,0.6610384035398619,0.33896159646013807,0.5385577522536901,1.392796302407238,0.7982025726739387,0.28443054550858,0.3471799602646091
BC17,N,July,0.003546079945008483,0.09015226321733107,0.8812063218422158,0.02509533499544465,0.23098619211024488,0.42880289796564125,0.3402109099241139,0,0.0014457095160419202,9.547138313484378e-4,0.9975995766526097,0,0.024549784234674115,0.9660940202181112,0.00791048603117277,0.0014457095160419202,0,0.9975995766526097,0.0024004233473903583,0.518305321182617,1.3378114957848493,0.8391487767157445,0.27192060971265736,0.3148096523984802
BC18,NW,March,0,9.139848826900405e-4,0.9884228581525929,0.01066315696471714,0.771403240990394,0.12491126730097218,0.10368549170863382,0,0.036568535156428515,9.139848826900405e-4,0.9625174799608816,0,0,0.9360119183628703,0.02741954648070121,0.036568535156428515,0,0.9625174799608816,0.03748252003911856,0.5110862581116901,1.1068526719068945,0.5790141282027846,0.2859800545349298,0.28395762178959877
BC20,NW,September,0,0,0.992474153420654,0.007525846579345941,0.5883330563403689,0.03824070793130156,0.3734262357283295,0,0.04079949576827918,2.8221924672547285e-4,0.9589182849849953,0,0,0.9510475037707627,0.008153000460958102,0.04079949576827918,0,0.9589182849849953,0.041081715015004655,0.5173901784502754,1.170176052162388,0.6848056285204879,0.28151182063459507,0.3116739891762256
BC12,NW,September,0,0.00368113968084519,0.996318860319155,0,0.537599774223433,0.2131993398489506,0.24920088592761655,0,0.07765977680023067,0.002653488186609241,0.91968673501316,0,0,0.883228114090789,0.039112109108980136,0.07765977680023067,0,0.9198554539151987,0.08014454608480118,0.5376851329949305,1.127624189002678,0.6698088378137116,0.2571929484523178,0.3083779190204985
BC01,SE,March,0,0,0.917681342123398,0.08231865787660197,0.7359288014168217,0.1288286995768821,0.1352424990062962,0,0.0041982515517067,4.939119472596119e-5,0.9957523572535673,0,0,0.9381786879346719,0.057623060513621385,0.0041982515517067,0,0.9958017484482933,0.0041982515517067,0.5090292131747484,1.2009861148415835,0.6923428557518397,0.29864079799706944,0.3020430968043897
BC01,SE,May,0,0,0.8460609719287656,0.15393902807123455,0.7075158466646545,0.05584062782976155,0.2366435255055841,0,0.04452158164805312,0.004527618472683368,0.9509507998792635,0,0,0.9432538484757017,0.012224569876245091,0.04452158164805312,0,0.9514035617265317,0.04859643827346814,0.5088366827648656,1.2422500905523695,0.7385577754301238,0.2855448354965288,0.3026636552973136
BC01,SE,July,0,0,0.6660096364432763,0.3339903635567236,0.49134910205869464,0.0814717477003942,0.4271791502409111,0,3.2851511169513804e-4,0,0.9996714848883049,0,0,0.9895970214629873,0.010074463425317566,3.2851511169513804e-4,0,0.9996714848883049,3.2851511169513804e-4,0.5135536432325888,1.1776421868155937,0.7635396506789314,0.27333110819097683,0.2990815363556724
BC01,SE,September,0,0,0.9145932801518343,0.08540671984816584,0.7026778565285727,0.07218054031612349,0.22514160315530382,0,0.02179650662791732,6.227573322262093e-4,0.9775807360398565,0,0,0.9439518400996413,0.03425165327244151,0.02179650662791732,0,0.9775807360398565,0.02241926396014353,0.5140659719462649,1.1786321152990717,0.6953023537261648,0.2932985172444471,0.29932485009341364
BC03,SE,March,0,0.03340563396933767,0.9626642914460343,0.003930074584627961,0.7372164908331282,0.030458078030866698,0.23232543113600498,0,0.13624602441569755,0.09006420923105744,0.773689766353245,0,0,0.8490161958919477,0.014737779692354855,0.13624602441569755,0,0.773689766353245,0.22631023364675498,0.5832172357990199,0.8449642335241211,0.44715210229047153,0.27276839997246777,0.3177076606216376
BC03,SE,May,0,0.2603251909877488,0.7396748090122512,0,0.5786201471871734,0.2997888090338014,0.12159104377902528,0,0.11895115670154191,0.024243860915663686,0.8568049823827945,0,0,0.8806043725150043,4.444707834538343e-4,0.11895115670154191,0,0.8568049823827945,0.1431950176172056,0.5404568815616084,1.0634735150672632,0.5996306097137147,0.2758069052377022,0.31161041798803885
BC03,SE,July,0,0.4727256939567217,0.5272743060432783,0,0.4143985963801113,0.4443774756805488,0.1412239279393399,0,0.019841198899782662,0.018707270168735746,0.9614515309314816,0,0,0.9787541596541006,0.0014046414461166771,0.019841198899782662,0,0.9614515309314816,0.03854846906851841,0.5216465321304132,1.1075788898553849,0.6402465876535708,0.28699706114408086,0.29681152825898394
BC03,SE,September,0,0.23638302216374402,0.7636169778362559,0,0.5031646287516164,0.2087066990313287,0.28812867221705496,0,0.11587758898391597,0.04407794741498604,0.840044463601098,0,0,0.8807195844014428,0.0034028266146412284,0.11587758898391597,0,0.840044463601098,0.159955536398902,0.5474669905688277,1.129796728336236,0.6283502270710788,0.2810340846505208,0.3205642791889849
BC06,SE,March,0,7.949301123942854e-4,0.9992050698876057,0,0.5749994479651998,0.04588513259875903,0.3791154194360412,0,0.10219268222668756,0.008346766180139995,0.8894605515931725,0,0,0.8408373263850554,0.05696999138825712,0.10219268222668756,0,0.8894605515931725,0.11053944840682756,0.5382768083555988,1.1485441283370503,0.6501204416278402,0.2772576194051273,0.29896272440214633
BC06,SE,May,0,0,1,0,0.6491800450171363,0.06156524739818207,0.2892547075846816,0,0.04064090598947509,0.004705624004956591,0.9546534700055682,0,0,0.9447520528284721,0.01460704118205275,0.04064090598947509,0,0.9546534700055682,0.04534652999443168,0.532295217988032,1.1057733915000745,0.6618895281827664,0.27584295309277135,0.28580320554949923
BC06,SE,July,0,0,1,0,0.6075984470327233,0.005546311702717694,0.38685524126455906,0,0.009983361064891847,0,0.990016638935108,0,0,0.9714364947310038,0.01858014420410427,0.009983361064891847,0,0.990016638935108,0.009983361064891847,0.5279327897947864,1.27801653078203,0.7304613477537437,0.2884179645036051,0.3086013560732113
BC06,SE,September,0,0,1,0,0.7107363181691676,0.025073222765196794,0.2641904590656356,0,0.037545897429743944,0.014775829269978792,0.9476782733002773,0,0,0.9580662885863467,0.004387813983909439,0.037545897429743944,0,0.9340670952277419,0.06593290477225813,0.5221205177584682,1.2275022550820736,0.6812066165512642,0.29115338891828024,0.2993251611187386
BC08,NW,September,0,6.13715070601587e-4,0.9993862849293984,0,0.48327139357157817,0.0699635180485809,0.4467650883798409,0,0.05628156857778839,0.04471352657240134,0.8990049048498102,0,0,0.9397146711997155,0.004003760222496067,0.05628156857778839,0,0.8990049048498102,0.10099509515018973,0.5518030846975505,1.638085537512116,0.9893034891162991,0.346928435123985,0.3615391490791839
BC13,SE,March,0,0,1,0,0.44371501804676466,0.5335565203745357,0.022728461578699587,0,0.08284511168070303,0.005270178375268085,0.9118847099440289,0,0.0013077365695454309,0.7157634566093006,0.2000836951404509,0.08284511168070303,0,0.9118847099440289,0.08811529005597112,0.507404009311815,1.3614252256022599,0.7396494739870786,0.3199927124584761,0.3154797533415291
BC14,NW,July,0.009957431978292797,0,0.9900425680217072,0,0.6125687685146001,0.11531328570361704,0.2721179457817829,0,0.00855094471135894,0.005289885738468049,0.986159169550173,0,0,0.9841365661795822,0.007312489109058773,0.00855094471135894,0,0.986159169550173,0.01384083044982699,0.51810534680782,1.289769595016354,0.7840085002871339,0.28234931162767474,0.30959403104791394
BC14,NW,September,0.009392121054004696,0,0.9906078789459953,0,0.5827028437255414,0.17531959300808767,0.24197756326637102,0,0.058048525958779025,0.007044090790503522,0.9349073832507175,0,0,0.9325593529872164,0.009392121054004696,0.058048525958779025,0,0.9349073832507175,0.06509261674928254,0.5080394416905818,1.342135395251761,0.7474675737020611,0.28530730106965824,0.3126797847638925
BC14,SE,September,0,0,1,0,0.28515195898938117,0.42590626144269494,0.28894177956792383,0,0.0011900402782863422,0.001647748077627243,0.9971622116440864,0,0,0.960362504577078,0.03844745514463566,0.0011900402782863422,0,0.9988099597217136,0.0011900402782863422,0.5157848627854736,1.374847423436915,0.8228943159865219,0.29262510819917636,0.3176317424185698
BC19,NW,March,0,0,1,0,0.5576953939977533,0.030492697801316002,0.41181190820093083,0,0.004814636494944632,0.005777563793933558,0.9894077997111218,0,0,0.9879634087626384,0.007221954742416948,0.004814636494944632,0,0.9903707270101108,0.009629272989889264,0.5117198009950249,1.1768176953939977,0.6849888878189697,0.3055741694752046,0.286035405231905
BC19,NW,July,0,0,1,0,0.13637110916264797,0.26852257781674704,0.595106313020605,0,5.343051293292415e-4,0.002726326172731258,0.9967393686979396,0,0,0.9750794607628234,0.02438623410784744,5.343051293292415e-4,0,0.9989313897413415,0.001068610258658483,0.522789684896975,1.3648689097435336,0.830032371766769,0.2918632140508549,0.3102076545374836
BC19,SE,July,0,0,1,0,0.2882620842741781,0.15002487657392172,0.5617130391519002,0,0.00373148608825443,0.004343832523250029,0.9919246813884955,0,0,0.9748363886868996,0.021432125224845958,0.00373148608825443,0,0.9925370278234911,0.00746297217650886,0.5239164832178805,1.23348865207241,0.7510821680890964,0.30311701940372765,0.2901344444869685
BC19,NW,September,0,0,1,0,0.43291758154695886,0.11544468841252237,0.4516377300405189,0,3.1407746112230354e-4,0.0022777689748058948,0.9974081535640719,0,0,0.9572430223872151,0.04244290015166263,3.1407746112230354e-4,0,0.9993888222378161,6.11177762183942e-4,0.5186672598398461,1.2333883967629664,0.7374724787074501,0.30584151099289775,0.3021374426303727
BC19,SE,September,0,0,1,0,0.3531504917922723,0.1510624727248313,0.4957870354828964,0,3.524791030246064e-4,8.224512403907484e-4,0.9988250696565847,0,0,0.9845412736244923,0.015106247272483131,3.524791030246064e-4,0,0.9992950417939508,7.049582060492128e-4,0.5207130957736077,1.1760995780321595,0.709983174661788,0.294998916378529,0.293704331800329
BC20,SE,July,0.0021388515703849266,0,0.9697887215683129,0.02807242686130216,0.2594694311323214,0.3209480459585731,0.41958252290910547,0,0.001457092632324731,3.3419555787264475e-4,0.9982087118098026,0,0,0.9953012104563106,0.003241696911364654,0.001457092632324731,0,0.9985429073676753,0.001457092632324731,0.5160971290110539,1.255744587491951,0.7729615217187166,0.27299008471506764,0.3069180453825929
BC20,SE,September,0.008335938314056476,0,0.9791601542148589,0.012503907471084715,0.578305720537668,0.17297072001667188,0.24872355944566013,0,0.023835573616755236,2.3444826508283844e-4,0.975929978118162,0,0,0.9669167448160885,0.009247681567156404,0.023835573616755236,0,0.975929978118162,0.024070021881838075,0.5033099963486516,1.1534029294246517,0.6668339058995357,0.27289918105471805,0.2922629200354702
BC08,SE,September,0,0,1,0,0.3412072764313157,0.12621928940754437,0.5325734341611399,0,0.10179474972043534,0.07999424262890421,0.8182110076506603,0,0,0.8982052502795647,0,0.10179474972043534,0,0.8182110076506603,0.18178899234933957,0.5506848301575527,1.6163274212513425,0.9702626402528814,0.32348299964570026,0.355883568518252
BC07,N,March,0.015642597922662996,0.12728903349601633,0.8053435114503817,0.05068201726942811,0.3829307971467902,0.11314812497392901,0.5039210778792809,0,0.4030158928794894,0.13928169190339132,0.4577024152171193,0,0.08447002878238018,0.5125140783381305,0,0.4030158928794894,0,0.4514453760480541,0.548554623951946,0.5433622373475865,1.321925861241022,0.5750657462001002,0.2722173626190078,0.3551405908635376
BC07,N,May,0,0.4470908669448308,0.5529091330551692,0,0.14255910987482615,0.13966156699119148,0.7177793231339824,0,0.45016226240148355,0.24356745479833103,0.3062702828001854,0,0.10865785813630041,0.44117987946221604,0,0.45016226240148355,0,0.2932313398238294,0.7067686601761707,0.5721914580435791,1.3127508321743162,0.6543633843300881,0.2563779085535466,0.32989223574408905
BC07,S,May,0,0.18209321165109796,0.8044648681974923,0.013441920151409789,0.11649664131221815,0.28855321925026345,0.5949501394375184,0,0.4737936324728115,0.1285495630479823,0.39765680447920626,0,0.06608944074443146,0.46011692678275706,0,0.4737936324728115,0,0.39429632444135376,0.6057036755586462,0.5224439987314309,1.2869744962483511,0.5547248254276015,0.2810056940370047,0.327268493682382
BC07,N,July,9.468202619536059e-4,0.43486102031154894,0.5641921594264974,0,0.03933249171532271,0.33109402826934775,0.6295734800153294,0,0.526928019116752,0.2613900223179062,0.2116819585653419,0,0.03212425888771163,0.44094772199553645,0,0.526928019116752,0,0.15994499425144842,0.8400550057485516,0.5827095633057776,1.319891876159289,0.6731536972451854,0.2576422590395933,0.3236846010900181
BC07,N,September,0.002370643307927939,0.4074119856339016,0.5902173710581705,0,0.16899300152229169,0.11624788123754354,0.7147591172401648,0,0.22996425408554974,0.18211620554832134,0.587919540366129,0,0.05757276604967852,0.7124629798647718,0,0.22996425408554974,0,0.5625197906383297,0.4374802093616704,0.574099352200198,1.388937711286606,0.7301235703588138,0.25354876171289975,0.3319931846401733
BC08,SE,March,0,0,1,0,0.9425225180923344,0.022702498914050143,0.03477498299361543,0,0.4742240580921705,0.4712735528181423,0.054502389089687166,0,0,0.515531131928565,0.010244809979264505,0.4742240580921705,0,0.054502389089687166,0.9454976109103128,0.6451383106718137,1.5545007799988526,0.7889479544802603,0.3710157629924681,0.4506718902903789
BC08,SE,May,0,0,0.9999999999999999,0,0.8331247914581247,0.04473223223223223,0.12214297630964298,0,0.041332999666333005,0.02867450784117451,0.9299924924924925,0,0,0.9549132465799133,0.003753753753753754,0.041332999666333005,0,0.9299924924924925,0.07000750750750752,0.5612639725141809,1.6949660589756423,1.0415858525191861,0.40535042208875544,0.37852078599432765
BC08,SE,July,0,0,0.9999999999999999,0,0.3743949185148937,0.030224090039003462,0.5953809914461028,0,0.0654519460955753,0.0609279275389435,0.8736201263654813,0,0,0.9345480539044247,0,0.0654519460955753,0,0.8736201263654813,0.1263798736345188,0.5495745985706263,1.6303790416284683,0.9740679196325289,0.32993687755288154,0.3574056602333651
BC18,SE,July,0,0,1,0,0.2203658709626658,0.4340956821900342,0.33931798144889097,0.006220465398409041,0.0041774628167477795,0,0.9958225371832522,0.006220465398409041,0,0.9714450376489465,0.018157034135896657,0.0041774628167477795,0.006220465398409041,0.9896020717848432,0.0041774628167477795,0.52064969169441,1.3166208946149136,0.8106997191760666,0.27337474017126423,0.3034079472072208
BC08,NW,March,0,0,1,0,0.8928967567327744,0.023847553130129994,0.08325569013709569,0,0.4648165402191757,0.4464483783663872,0.08873508141443719,0,0,0.5324104884866232,0.002772971294201162,0.4648165402191757,0,0.08873508141443719,0.9112649185855628,0.6392830044589378,1.5464691417099252,0.7882980595856072,0.36432984171879856,0.4446079582057767
BC08,NW,May,0,0,1,0,0.7615702820237827,0.02027082768617931,0.2181588902900379,0,0.011561443000082501,0.007896194505662871,0.9805423624942546,0,0,0.987731435103888,7.071218960295108e-4,0.011561443000082501,0,0.9805423624942546,0.019457637505745373,0.5553664749973483,1.6910182707334034,1.0421493138560536,0.3956302255718848,0.37186094601124325
BC08,NW,July,0,0,1,0,0.4559318780645274,0.06281735853007381,0.48125076340539885,0,0.06179657645396011,0.04994852466453786,0.8882548988815021,0,0,0.9382034235460399,0,0.06179657645396011,0,0.8882548988815021,0.11174510111849797,0.5516712620410442,1.6357583748080413,0.9820234974870864,0.34296653776350694,0.3620487971171297
