PlotNo,Subplot,MowFreq,Month,n_mow_events_befre_sampling,SR,biomass,evenness,phen_Richness,phen_evenness,FRic,FEve,FDis,Neophytes_SR_propr,Neophytes_mass_propr,Bare_Ground_Cover,Litter_Cover_Total,Litter_Cover,slope_degr,dist_tree,patch_size_m2,Biotop_richness_specific,sky_view_factor,skyview_factor_rayman_p,skyview_factor_jw1984,protected_cover_pct,green_cover_pct,impervious_pct,road_density_km_per_ha,protected_cover_pct_log,green_cover_pct_log,patch_size_m2_scaled,road_density_km_per_ha_scaled
BC01,NW,regular,March,0,13,175.25119047619046,3.953704306606415,2,1.0586861236799927,4.2230352369183475,0.1402629451653411,1.1625780553979432,0,0,1,15,15,3,19.2,1209.147071,5,0.919,0.979,0.98,0.752,12.295,33.628,0.129,0.5607579925141997,2.587388024694983,0.6543990149626379,0.978665624395303
BC01,SE,regular,March,0,14,202.4652380952381,5.43739957619989,2,1.004951316773664,8.426912014557706,0.2553578503390233,1.3826498667803946,0,0,5,10,10,3,23.2,1209.147071,5,0.919,0.979,0.98,0.752,12.295,33.628,0.129,0.5607579925141997,2.587388024694983,0.6543990149626379,0.978665624395303
BC01,NW,regular,May,0,16,1003.003,8.645976509152666,3,2.725174368873956,7.78486186248156,0.2621045736925066,1.7437328794492784,0,0,5,15,15,3,19.2,1209.147071,5,0.919,0.979,0.98,0.752,12.295,33.628,0.129,0.5607579925141997,2.587388024694983,0.6543990149626379,0.978665624395303
BC01,SE,regular,May,0,17,1104.3333333333333,8.060022289444355,3,2.716602781605162,12.328922175437963,0.36176013005920105,1.492302701918414,0,0,3,20,20,3,23.2,1209.147071,5,0.919,0.979,0.98,0.752,12.295,33.628,0.129,0.5607579925141997,2.587388024694983,0.6543990149626379,0.978665624395303
BC01,NW,regular,July,0,14,1117.3933333333332,3.580789689792607,4,2.3967336856839747,16.82920228367299,0.01857081718175107,1.9756490950717969,0.07142857142857142,0.09098556760078516,1,20,20,3,19.2,1209.147071,5,0.919,0.979,0.98,0.752,12.295,33.628,0.129,0.5607579925141997,2.587388024694983,0.6543990149626379,0.978665624395303
BC01,SE,regular,July,0,12,1490.75,5.631981820356416,4,2.73631536936719,3.5426681662842383,0.1511354684526711,1.7884568141767518,0,0,10,10,10,3,23.2,1209.147071,5,0.919,0.979,0.98,0.752,12.295,33.628,0.129,0.5607579925141997,2.587388024694983,0.6543990149626379,0.978665624395303
BC01,NW,regular,September,2,16,748.0266666666666,5.582098924991815,4,1.5109617235872994,7.78486186248156,0.1577950482623375,1.7307122414448517,0,0,1,25,25,3,19.2,1209.147071,5,0.919,0.979,0.98,0.752,12.295,33.628,0.129,0.5607579925141997,2.587388024694983,0.6543990149626379,0.978665624395303
BC01,SE,regular,September,2,17,1124.0333333333333,7.165694436674518,4,1.6858458872128343,8.426912014557708,0.2270620428923512,1.463101800100211,0,0,4,26,26,3,23.2,1209.147071,5,0.919,0.979,0.98,0.752,12.295,33.628,0.129,0.5607579925141997,2.587388024694983,0.6543990149626379,0.978665624395303
BC02,NW,reduced,March,0,23,287.0642222222222,5.080774521213318,3,1.0783849961437209,8.767095549874758,0.1976149550658316,2.4387240488947626,0.17391304347826086,0.05898796165627668,2,15,15,1,5.8,951.6557392,6,0.795,0.907,0.91,0.193,9.603,35.244,0.145,0.17647114311577908,2.361136979943661,0.1577701982995257,1.6639457114992342
BC02,SE,reduced,March,0,21,335.436,3.3260489221441865,3,1.035312134080279,7.784861862481559,0.12326060585738575,2.044481160371636,0.09523809523809525,0.00101360617226535,5,15,15,1,6.1,951.6557392,6,0.795,0.907,0.91,0.193,9.603,35.244,0.145,0.17647114311577908,2.361136979943661,0.1577701982995257,1.6639457114992342
BC02,NW,reduced,May,0,19,1878.3833333333332,7.998977411756112,3,1.7132413914153333,8.42691201455771,0.2087548331235916,2.016284397476958,0.15789473684210523,0.5955475896826171,5,10,10,1,5.8,951.6557392,6,0.795,0.907,0.91,0.193,9.603,35.244,0.145,0.17647114311577908,2.361136979943661,0.1577701982995257,1.6639457114992342
BC02,SE,reduced,May,0,20,1284.875,7.697278394404743,3,2.426759998584246,5.531445599016112,0.24762718284910357,2.5039642562306974,0.05,0.03113143301877614,10,30,30,1,6.1,951.6557392,6,0.795,0.907,0.91,0.193,9.603,35.244,0.145,0.17647114311577908,2.361136979943661,0.1577701982995257,1.6639457114992342
BC02,NW,reduced,July,0,17,4601.08,3.558007972576397,5,1.6560401703181031,8.767095549874757,0.25383525920548566,0.922732081377989,0.17647058823529413,0.9273185136243374,3,15,15,1,5.8,951.6557392,6,0.795,0.907,0.91,0.193,9.603,35.244,0.145,0.17647114311577908,2.361136979943661,0.1577701982995257,1.6639457114992342
BC02,SE,reduced,July,0,16,2277.8333333333335,6.658209861688839,5,2.5851517139024205,5.531445599016112,0.27485931186259066,1.5844281736667942,0.0625,0.4112094826955441,20,30,30,1,6.1,951.6557392,6,0.795,0.907,0.91,0.193,9.603,35.244,0.145,0.17647114311577908,2.361136979943661,0.1577701982995257,1.6639457114992342
BC02,NW,reduced,September,0,20,6832.086666666667,3.064708865065998,4,2.089483062561064,8.767095549874758,0.27777777777777773,0.35673147019284673,0.15,0.936317162253016,2,15,15,1,5.8,951.6557392,6,0.795,0.907,0.91,0.193,9.603,35.244,0.145,0.17647114311577908,2.361136979943661,0.1577701982995257,1.6639457114992342
BC02,SE,reduced,September,0,20,2488,8.253905800362064,4,1.7138304239853157,8.12504539779861,0.20215168615966103,1.1686463170026438,0.05,0.01393354769560557,15,15,15,1,6.1,951.6557392,6,0.795,0.907,0.91,0.193,9.603,35.244,0.145,0.17647114311577908,2.361136979943661,0.1577701982995257,1.6639457114992342
BC03,NW,reduced,March,0,23,905.88,3.0346795252016,2,1.7023552548483414,11.988738640120916,0.22770774363220067,2.048968884681183,0.17391304347826086,0.07550668962776526,0.5,7,7,0,6,798.5023821,10,0.9,0.978,0.979,0.201,10.666,35.787,0.151,0.1831545430978465,2.456678628331446,-0.13761982501836217,1.9209257441632088
BC03,SE,reduced,March,0,20,1024.7888888888888,4.874707493517424,2,1.6558298398983575,12.64994725147605,0.31145285770599196,1.726334778060535,0.15,0.03317756502694322,0,25,25,0,5.2,798.5023821,10,0.9,0.978,0.979,0.201,10.666,35.787,0.151,0.1831545430978465,2.456678628331446,-0.13761982501836217,1.9209257441632088
BC03,NW,reduced,May,0,26,4464.8983333333335,6.540443780566804,3,1.987166158276268,11.98873864012092,0.13033468325970377,2.4882508595727377,0.15384615384615383,0.3119219959842311,5,50,50,0,6,798.5023821,10,0.9,0.978,0.979,0.201,10.666,35.787,0.151,0.1831545430978465,2.456678628331446,-0.13761982501836217,1.9209257441632088
BC03,SE,reduced,May,0,18,3093.5666666666666,7.961187663545745,3,1.787595201046876,12.64994725147605,0.28917222791597624,2.126724316024561,0.1111111111111111,0.2603251909877488,2,60,60,0,5.2,798.5023821,10,0.9,0.978,0.979,0.201,10.666,35.787,0.151,0.1831545430978465,2.456678628331446,-0.13761982501836217,1.9209257441632088
BC03,NW,reduced,July,0,22,2602.6433333333334,7.434174028042448,4,2.1220860534101345,12.32892217543797,0.06697134801061345,2.410499720568481,0.13636363636363635,0.5603277693319485,2,10,10,0,6,798.5023821,10,0.9,0.978,0.979,0.201,10.666,35.787,0.151,0.1831545430978465,2.456678628331446,-0.13761982501836217,1.9209257441632088
BC03,SE,reduced,July,0,17,2610.39,5.085851917361261,4,1.8402795060651416,11.988738640120918,0.00217364846434187,2.1243966788829987,0.1176470588235294,0.4727262976030402,1,25,25,0,5.2,798.5023821,10,0.9,0.978,0.979,0.201,10.666,35.787,0.151,0.1831545430978465,2.456678628331446,-0.13761982501836217,1.9209257441632088
BC03,NW,reduced,September,1,23,1284.8583333333331,6.427801579363776,4,2.9540530892647,8.426912014557711,0.1904761904761905,2.3452581564128736,0.13043478260869565,0.5204205392293574,1,65,15,0,6,798.5023821,10,0.9,0.978,0.979,0.201,10.666,35.787,0.151,0.1831545430978465,2.456678628331446,-0.13761982501836217,1.9209257441632088
BC03,SE,reduced,September,1,17,1469.3666666666668,7.692798785032272,3,2.330753985677509,11.98873864012092,0.32609217503298443,2.1907652177663253,0.1176470588235294,0.236383022163744,1,40,20,0,5.2,798.5023821,10,0.9,0.978,0.979,0.201,10.666,35.787,0.151,0.1831545430978465,2.456678628331446,-0.13761982501836217,1.9209257441632088
BC04,NW,regular,March,0,19,251.31333333333333,5.905800445627329,3,1.0104799928692187,7.42036826921906,0.183260823142065,1.4733283802004675,0,0,1,25,25,2,5.8,1947.770695,8,0.851,0.943,0.945,0.201,10.497,35.547,0.147,0.1831545430978465,2.442086131771603,2.078997558852492,1.7496057223872257
BC04,SE,regular,March,0,25,227.49444444444444,6.486655110868793,2,1.0159497547185528,9.418724931590404,0.1298020528216806,1.7854106712553448,0.04,0.00351656939119392,2,20,20,2,6.5,1947.770695,8,0.851,0.943,0.945,0.201,10.497,35.547,0.147,0.1831545430978465,2.442086131771603,2.078997558852492,1.7496057223872257
BC04,NW,regular,May,0,27,749.0348333333333,6.307234408081052,4,2.9262036989356974,8.407753555278749,0.12852188117733562,2.1003824303863774,0.03703703703703703,0.0498419187892686,1,20,20,2,5.8,1947.770695,8,0.851,0.943,0.945,0.201,10.497,35.547,0.147,0.1831545430978465,2.442086131771603,2.078997558852492,1.7496057223872257
BC04,SE,regular,May,0,33,1310.5415,9.02279282940374,5,2.4558742064607997,17.707072611283373,0.1935483870967742,2.1188965982808288,0.0303030303030303,0.14243476201758332,10,20,20,2,6.5,1947.770695,8,0.851,0.943,0.945,0.201,10.497,35.547,0.147,0.1831545430978465,2.442086131771603,2.078997558852492,1.7496057223872257
BC04,NW,regular,July,1,25,1837.493333333333,9.835287899920807,5,2.4163606780161317,18.28664286920364,0.19270247856298509,1.9952397354421505,0.08,0.25257234493367775,2,15,15,2,5.8,1947.770695,8,0.851,0.943,0.945,0.201,10.497,35.547,0.147,0.1831545430978465,2.442086131771603,2.078997558852492,1.7496057223872257
BC04,SE,regular,July,1,17,1237.3333333333337,6.703222159412097,3,2.2624191991325304,3.2164914915796854,0.13333333333333333,1.7128503397111257,0.0588235294117647,0.03124999999999999,7,15,15,2,6.5,1947.770695,8,0.851,0.943,0.945,0.201,10.497,35.547,0.147,0.1831545430978465,2.442086131771603,2.078997558852492,1.7496057223872257
BC04,NW,regular,September,2,25,1118.05,8.383341090246288,4,1.8750741713565025,18.28664286920363,0.15523182905372165,1.627436673850632,0.04,0.05545369169536246,3,15,5,2,5.8,1947.770695,8,0.851,0.943,0.945,0.201,10.497,35.547,0.147,0.1831545430978465,2.442086131771603,2.078997558852492,1.7496057223872257
BC04,SE,regular,September,2,26,1019.0083333333332,6.884039820166987,4,2.106575460862449,16.124764183098115,0.06444335764312574,1.9269942927427213,0.03846153846153846,0.08112462279503767,8,15,5,2,6.5,1947.770695,8,0.851,0.943,0.945,0.201,10.497,35.547,0.147,0.1831545430978465,2.442086131771603,2.078997558852492,1.7496057223872257
BC05,NW,reduced & sowing,March,0,24,318.78,4.3380900877024695,3,1.0355501109209118,19.323024731847116,0.0520963694168109,1.6135497672862005,0,0,1,30,30,0,8.9,624.2682999,10,0.83,0.932,0.934,4.036,19.463,35.745,0.107,1.6166121161821005,3.018618377340692,-0.4736686755193924,0.03640550462739653
BC05,SE,reduced & sowing,March,0,28,374.1376666666667,4.9932820505452105,2,1.0314850354581395,9.768487696546938,0.2084771468939266,1.9196671135490797,0.03571428571428571,1.6036877691188537e-5,1,30,30,0,5.7,624.2682999,10,0.83,0.932,0.934,4.036,19.463,35.745,0.107,1.6166121161821005,3.018618377340692,-0.4736686755193924,0.03640550462739653
BC05,NW,reduced & sowing,May,0,32,2176.9,9.912595659922424,4,2.0851855062940174,22.9040098166893,0.09405277658299112,2.47421471215197,0.03125,0.1041236008391137,1,30,30,0,8.9,624.2682999,10,0.83,0.932,0.934,4.036,19.463,35.745,0.107,1.6166121161821005,3.018618377340692,-0.4736686755193924,0.03640550462739653
BC05,SE,reduced & sowing,May,0,37,3072.1266666666666,11.752489102887427,5,1.7640182428418187,22.904009816689427,0.1183172447543921,2.5502343642839413,0.02702702702702703,0.1844542000221345,1,30,30,0,5.7,624.2682999,10,0.83,0.932,0.934,4.036,19.463,35.745,0.107,1.6166121161821005,3.018618377340692,-0.4736686755193924,0.03640550462739653
BC05,NW,reduced & sowing,July,0,22,2107.2083333333335,6.049079603014454,4,2.154320939755472,7.793717124427554,0.2,2.533535693349704,0,0,5,35,35,0,8.9,624.2682999,10,0.83,0.932,0.934,4.036,19.463,35.745,0.107,1.6166121161821005,3.018618377340692,-0.4736686755193924,0.03640550462739653
BC05,SE,reduced & sowing,July,0,24,2699.725,5.456940175111766,4,2.117077664930539,8.781102410487245,0.21076165929386512,2.262686640760399,0,0,1,25,25,0,5.7,624.2682999,10,0.83,0.932,0.934,4.036,19.463,35.745,0.107,1.6166121161821005,3.018618377340692,-0.4736686755193924,0.03640550462739653
BC05,NW,reduced & sowing,September,0,27,1692.2353333333333,5.983462132576928,4,2.1385195244615836,9.768487696546934,0.2,1.9820887304066763,0.03703703703703703,0.02541017738667553,1,35,35,0,8.9,624.2682999,10,0.83,0.932,0.934,4.036,19.463,35.745,0.107,1.6166121161821005,3.018618377340692,-0.4736686755193924,0.03640550462739653
BC05,SE,reduced & sowing,September,0,26,2119.866666666667,7.817468472140106,4,2.109221188929356,9.768487696546938,0.20833333333333331,2.1237822346487687,0.03846153846153846,0.03380715768287314,2,25,25,0,5.7,624.2682999,10,0.83,0.932,0.934,4.036,19.463,35.745,0.107,1.6166121161821005,3.018618377340692,-0.4736686755193924,0.03640550462739653
BC06,NW,regular,March,0,23,165.70666666666665,6.854553245740719,2,1.0121423517299228,8.767095549874757,0.04481621288431474,1.242217536093484,0.04347826086956521,0.00301738010943031,15,7,7,2,6.8,743.4358805,7,0.974,0.997,0.998,0,3.273,41.41,0.113,0,1.4523161566618878,-0.2438277168965513,0.2933855372913712
BC06,SE,regular,March,0,18,125.81180555555557,3.737541528239203,2,1.001590939471131,9.088120625912836,0.29036744613842186,1.845289741692588,0.05555555555555555,7.94837968968201e-4,8,15,15,3,9.5,743.4358805,7,0.974,0.997,0.998,0,3.273,41.41,0.113,0,1.4523161566618878,-0.2438277168965513,0.2933855372913712
BC06,NW,regular,May,0,24,791.8097222222221,6.182971077093195,3,2.548249608820316,9.418724931590411,0.16132335721714286,1.9689932464222488,0.04166666666666666,0.1313446868372908,15,10,10,2,6.8,743.4358805,7,0.974,0.997,0.998,0,3.273,41.41,0.113,0,1.4523161566618878,-0.2438277168965513,0.2933855372913712
BC06,SE,regular,May,0,21,850.0466666666666,6.296123279638903,3,2.97071614413839,8.407753555278742,0.2105263157894737,1.6195448762934368,0,0,20,35,35,3,9.5,743.4358805,7,0.974,0.997,0.998,0,3.273,41.41,0.113,0,1.4523161566618878,-0.2438277168965513,0.2933855372913712
BC06,NW,regular,July,1,21,648.665,5.341086018581554,5,1.9134844556575408,7.420368269219066,0.06501039708274525,1.5794835628835633,0,0,10,12,12,2,6.8,743.4358805,7,0.974,0.997,0.998,0,3.273,41.41,0.113,0,1.4523161566618878,-0.2438277168965513,0.2933855372913712
BC06,SE,regular,July,1,16,601,5.610383626752024,4,1.715703248759657,7.0853363325684775,0.11935137126851814,1.5910201824128951,0,0,20,15,15,3,9.5,743.4358805,7,0.974,0.997,0.998,0,3.273,41.41,0.113,0,1.4523161566618878,-0.2438277168965513,0.2933855372913712
BC06,NW,regular,September,3,26,891.6133333333333,8.073973016586423,5,1.9788935826184064,9.758908466907458,0.2495396936387027,1.8178178879883164,0.03846153846153846,0.04149780921475677,3,8,8,2,6.8,743.4358805,7,0.974,0.997,0.998,0,3.273,41.41,0.113,0,1.4523161566618878,-0.2438277168965513,0.2933855372913712
BC06,SE,regular,September,3,23,930.6076666666664,6.163127671240005,4,1.4347388007629585,9.758908466907451,0.21070664776478631,1.4513758677970294,0,0,7,15,15,3,9.5,743.4358805,7,0.974,0.997,0.998,0,3.273,41.41,0.113,0,1.4523161566618878,-0.2438277168965513,0.2933855372913712
BC07,N,reduced,March,0,27,159.82,9.507363311208136,4,1.4445372628032995,9.452614219175343,0.2564949567053348,2.4819073778791085,0.1111111111111111,0.1272890334960163,5,10,10,5,14.6,506.2246684,7,0.882,0.956,0.957,0,3.031,41.185,0.116,0,1.3940144841350288,-0.7013418504439607,0.4218755536233585
BC07,S,reduced,March,0,25,168.95666666666668,6.062993280126879,4,1.063131970331496,5.8716291343331655,0.12884277352977305,2.3204482116044436,0.16,0.069702290528143293,0.1,8,8,7,17.9,506.2246684,7,0.882,0.956,0.957,0,3.031,41.185,0.116,0,1.3940144841350288,-0.7013418504439607,0.4218755536233585
BC07,N,reduced,May,0,16,575.2,6.847622617151305,4,2.181396504131019,8.484387392394623,0.3238650932232415,2.1604672105393012,0.125,0.4470908669448308,25,15,15,5,14.6,506.2246684,7,0.882,0.956,0.957,0,3.031,41.185,0.116,0,1.3940144841350288,-0.7013418504439607,0.4218755536233585
BC07,S,reduced,May,0,18,371.97066666666666,7.846340467617736,4,3.1907566775954814,4.903402307552444,0.27493902306604573,2.659673210290245,0.16666666666666666,0.18209321165109793,15,15,15,7,17.9,506.2246684,7,0.882,0.956,0.957,0,3.031,41.185,0.116,0,1.3940144841350288,-0.7013418504439607,0.4218755536233585
BC07,N,reduced,July,1,16,2957.266666666667,4.224708279254345,4,2.0287606451164324,12.32892217543797,0.12144466328190592,2.259772417374746,0.125,0.43486102031154894,10,35,35,5,14.6,506.2246684,7,0.882,0.956,0.957,0,3.031,41.185,0.116,0,1.3940144841350288,-0.7013418504439607,0.4218755536233585
BC07,S,reduced,July,1,21,2256.09,4.715600299448739,4,1.9585635591636157,8.484387392394636,0.08775581651459467,2.6440518637192225,0.14285714285714285,0.24555757970648331,7,30,30,7,17.9,506.2246684,7,0.882,0.956,0.957,0,3.031,41.185,0.116,0,1.3940144841350288,-0.7013418504439607,0.4218755536233585
BC07,N,reduced,September,0,24,984.2616666666668,8.20753089211475,4,2.64951622685068,12.328922175437972,0.2145399512601164,2.1355121301034012,0.08333333333333333,0.4074119856339016,5,25,25,5,14.6,506.2246684,7,0.882,0.956,0.957,0,3.031,41.185,0.116,0,1.3940144841350288,-0.7013418504439607,0.4218755536233585
BC07,S,reduced,September,0,26,874,10.271536871123365,4,2.150583514297693,8.484387392394632,0.21974499624527488,2.182350801304457,0.15384615384615383,0.5554919908466819,3,20,20,7,17.9,506.2246684,7,0.882,0.956,0.957,0,3.031,41.185,0.116,0,1.3940144841350288,-0.7013418504439607,0.4218755536233585
BC08,NW,regular,March,0,10,300.52000000000004,2.279160422591683,2,1.2008879147249374,5.762919109858217,0.26889282440205076,0.8293752224179455,0,0,15,7,7,0,18.1,1435.380026,4,0.971,0.999,0.999,0,2.932,39.168,0.118,0,1.3691482022849202,1.0907391587120867,0.5075355645113495
BC08,SE,regular,March,0,13,406.71,1.6913677239863008,2,1.118232961872555,7.104494791847445,0.04132802172708087,0.4834794310958812,0,0,8,2,2,0,16.7,1435.380026,4,0.971,0.999,0.999,0,2.932,39.168,0.118,0,1.3691482022849202,1.0907391587120867,0.5075355645113495
BC08,NW,regular,May,0,9,1414.183333333333,2.372154995023055,2,1.0099725105418813,10.982194894782252,0.24411336006062329,1.2354851503327262,0,0,10,20,20,0,18.1,1435.380026,4,0.971,0.999,0.999,0,2.932,39.168,0.118,0,1.3691482022849202,1.0907391587120867,0.5075355645113495
BC08,SE,regular,May,0,10,1598.4,3.723695770902097,2,1.0374629456426945,10.982194894782252,0.40589155658037,1.0763706556230488,0,0,20,5,5,0,16.7,1435.380026,4,0.971,0.999,0.999,0,2.932,39.168,0.118,0,1.3691482022849202,1.0907391587120867,0.5075355645113495
BC08,NW,regular,July,1,9,764.12,3.1265212411516456,4,2.683404409647952,11.98873864012091,0.33595988113256625,1.9348991703992144,0,0,5,30,10,0,18.1,1435.380026,4,0.971,0.999,0.999,0,2.932,39.168,0.118,0,1.3691482022849202,1.0907391587120867,0.5075355645113495
BC08,SE,regular,July,1,8,694.8100000000001,2.637982058737512,4,3.000823215785544,8.091880077907138,0.06561784828954509,1.8121788578342215,0,0,6,35,10,0,16.7,1435.380026,4,0.971,0.999,0.999,0,2.932,39.168,0.118,0,1.3691482022849202,1.0907391587120867,0.5075355645113495
BC08,NW,regular,September,3,13,570.4872222222222,2.849004055333917,3,2.1179586950247464,11.988738640120912,0.26902261186140064,1.9245082139337808,0.07692307692307693,6.135106736249815e-4,10,30,25,0,18.1,1435.380026,4,0.971,0.999,0.999,0,2.932,39.168,0.118,0,1.3691482022849202,1.0907391587120867,0.5075355645113495
BC08,SE,regular,September,3,8,602.1266666666667,2.9126014174585144,3,2.111422761010153,8.091880077907138,0.1944672480112483,2.054582033033086,0,0,5,15,15,0,16.7,1435.380026,4,0.971,0.999,0.999,0,2.932,39.168,0.118,0,1.3691482022849202,1.0907391587120867,0.5075355645113495
BC09,NW,reduced,March,0,19,73.30333333333334,5.148079890513138,3,1.106284027997854,19.634790711702244,0.26125638131333173,1.854725408637488,0,0,0,15,15,0,8.2,220.4589192,8,0.819,0.906,0.908,0.044,3.158,38.546,0.117,0.04305948946044697,1.4250341894358212,-1.252504116280063,0.4647055590673543
BC09,SE,reduced,March,0,13,51.163333333333334,6.268698108071323,2,1.0015648422317014,16.69195169100361,0.19435463375270717,1.660192268888519,0,0,0,15,15,0,5.7,220.4589192,8,0.819,0.906,0.908,0.044,3.158,38.546,0.117,0.04305948946044697,1.4250341894358212,-1.252504116280063,0.4647055590673543
BC09,NW,reduced,May,0,22,1031.6166666666666,5.000942661584491,3,1.2845203753708772,19.634790711702244,0.20482516664697029,1.315682054965014,0.04545454545454545,0.7560948026560254,6,7,7,0,8.2,220.4589192,8,0.819,0.906,0.908,0.044,3.158,38.546,0.117,0.04305948946044697,1.4250341894358212,-1.252504116280063,0.4647055590673543
BC09,SE,reduced,May,0,13,857.6666666666666,7.552500828088771,3,2.1352053186546875,16.69195169100361,0.326763956691734,1.941171212378302,0,0,0,15,15,0,5.7,220.4589192,8,0.819,0.906,0.908,0.044,3.158,38.546,0.117,0.04305948946044697,1.4250341894358212,-1.252504116280063,0.4647055590673543
BC09,NW,reduced,July,0,21,1857.1,9.276300052869368,3,2.6966206880875823,8.426912014557706,0.2105263157894737,2.064903366051015,0.04761904761904761,0.38052160178055394,2,10,10,0,8.2,220.4589192,8,0.819,0.906,0.908,0.044,3.158,38.546,0.117,0.04305948946044697,1.4250341894358212,-1.252504116280063,0.4647055590673543
BC09,SE,reduced,July,0,14,1166.6933333333334,6.4397808972726205,4,2.949389479024063,9.936537742870849,0.14608681833136128,2.037589150932366,0,0,1,7,7,0,5.7,220.4589192,8,0.819,0.906,0.908,0.044,3.158,38.546,0.117,0.04305948946044697,1.4250341894358212,-1.252504116280063,0.4647055590673543
BC09,NW,reduced,September,1,25,1406.845,8.234190903235278,4,1.9345184279598484,21.241163602626496,0.10825335213291588,2.0950457199633794,0.04,0.3933150655070981,0,13,13,0,8.2,220.4589192,8,0.819,0.906,0.908,0.044,3.158,38.546,0.117,0.04305948946044697,1.4250341894358212,-1.252504116280063,0.4647055590673543
BC09,SE,reduced,September,1,14,1148.0166666666669,5.712551858781419,3,1.6478239196284976,7.7797102638150655,0.2456573270557494,1.7313800234532886,0,0,1,11,11,0,5.7,220.4589192,8,0.819,0.906,0.908,0.044,3.158,38.546,0.117,0.04305948946044697,1.4250341894358212,-1.252504116280063,0.4647055590673543
BC10,NW,reduced & sowing,March,0,34,235.93166666666667,7.5004516629719324,3,1.0670379688066152,13.34947278138913,0.17016152420098735,1.5629530389933664,0.14705882352941177,0.06470800161063585,20,20,20,3,4.8,470.8491718,7,0.793,0.843,0.843,0,5.332,39.584,0.106,0,1.8456161420187658,-0.7695712968199412,-0.006424500816599247
BC10,SE,reduced & sowing,March,0,35,232.51666666666668,13.57970189608839,3,1.2038619586918036,14.010681392744251,0.14595717359295263,2.2690688302989184,0.08571428571428572,0.2567557881155473,20,15,15,5,4.4,470.8491718,7,0.793,0.843,0.843,0,5.332,39.584,0.106,0,1.8456161420187658,-0.7695712968199412,-0.006424500816599247
BC10,NW,reduced & sowing,May,0,31,3414.675,11.440230818808782,4,2.2625052438311655,14.010681392744251,0.2248449635180177,1.4292825567324567,0.16129032258064516,0.2271568060405944,20,20,20,3,4.8,470.8491718,7,0.793,0.843,0.843,0,5.332,39.584,0.106,0,1.8456161420187658,-0.7695712968199412,-0.006424500816599247
BC10,SE,reduced & sowing,May,0,35,4900.275,9.970451669622712,4,1.4310129841865271,14.010681392744251,0.18291598808586415,2.1864818902106324,0.08571428571428572,0.5036792152821356,20,16,16,5,4.4,470.8491718,7,0.793,0.843,0.843,0,5.332,39.584,0.106,0,1.8456161420187658,-0.7695712968199412,-0.006424500816599247
BC10,NW,reduced & sowing,July,0,26,2351.5533333333333,6.165120268588059,4,1.7419968651861455,13.349472781389126,0.16175884830713302,0.5676460991767779,0.19230769230769232,0.06658010449830325,20,15,15,3,4.8,470.8491718,7,0.793,0.843,0.843,0,5.332,39.584,0.106,0,1.8456161420187658,-0.7695712968199412,-0.006424500816599247
BC10,SE,reduced & sowing,July,0,27,2258.7,8.055936945498527,4,1.9065808985285897,13.004137647405592,0.13841896446219165,1.9351650582322208,0.07407407407407407,0.3777984386298904,20,10,10,5,4.4,470.8491718,7,0.793,0.843,0.843,0,5.332,39.584,0.106,0,1.8456161420187658,-0.7695712968199412,-0.006424500816599247
BC10,NW,reduced & sowing,September,1,24,1550.6933333333334,4.574824474555645,4,2.9712076016189637,10.429696307902072,0.23423113272161256,0.6008624251135621,0.16666666666666666,0.11048821172464789,15,15,15,3,4.8,470.8491718,7,0.793,0.843,0.843,0,5.332,39.584,0.106,0,1.8456161420187658,-0.7695712968199412,-0.006424500816599247
BC10,SE,reduced & sowing,September,1,26,1625.225,11.105032547019633,4,2.415778548859128,13.349472781389125,0.01882847234819627,1.9391835406370332,0.07692307692307693,0.32815969070949147,10,10,10,5,4.4,470.8491718,7,0.793,0.843,0.843,0,5.332,39.584,0.106,0,1.8456161420187658,-0.7695712968199412,-0.006424500816599247
BC11,NW,regular,March,0,12,179.27761904761903,2.6627151877275335,3,1.0114450096140095,4.2230352369183395,0.2141455705209506,0.7814364721354029,0,0,35,20,20,5,9.6,2049.628544,7,0.841,0.95,0.952,0,5.36,39.058,0.104,0,1.8500283773520307,2.2754528828554412,-0.0920845117045908
BC11,SE,regular,March,0,11,166.04333333333335,3.010296624006469,3,1.0122402363883338,4.223035236918339,0.16804478347315166,0.9897358447311408,0,0,15,15,15,1,6.7,2049.628544,7,0.841,0.95,0.952,0,5.36,39.058,0.104,0,1.8500283773520307,2.2754528828554412,-0.0920845117045908
BC11,NW,regular,May,0,16,737.0666666666667,3.4534350677676846,3,1.1118068343670582,4.2230352369183395,0.1826424531844988,1.5454507641640982,0,0,12,15,15,5,9.6,2049.628544,7,0.841,0.95,0.952,0,5.36,39.058,0.104,0,1.8500283773520307,2.2754528828554412,-0.0920845117045908
BC11,SE,regular,May,0,16,680.1,5.278895411472417,3,1.29717031449458,8.426912014557706,0.2857142857142857,1.654378014116156,0,0,5,20,20,1,6.7,2049.628544,7,0.841,0.95,0.952,0,5.36,39.058,0.104,0,1.8500283773520307,2.2754528828554412,-0.0920845117045908
BC11,NW,regular,July,1,14,1007.3333333333334,3.352498723912437,4,2.4557521625352443,4.2230352369183395,0.25,1.9601373678750575,0,0,15,8,8,5,9.6,2049.628544,7,0.841,0.95,0.952,0,5.36,39.058,0.104,0,1.8500283773520307,2.2754528828554412,-0.0920845117045908
BC11,SE,regular,July,1,14,980.1333333333332,3.6206525626929142,3,2.22842625435099,8.426912014557704,0.3333333333333333,2.0516594190018327,0,0,6,10,10,1,6.7,2049.628544,7,0.841,0.95,0.952,0,5.36,39.058,0.104,0,1.8500283773520307,2.2754528828554412,-0.0920845117045908
BC11,NW,regular,September,3,15,650.7611111111111,3.5305985626245553,4,1.4796327972017973,4.2230352369183395,0.23076923076923075,1.5468097697365903,0,0,15,13,13,5,9.6,2049.628544,7,0.841,0.95,0.952,0,5.36,39.058,0.104,0,1.8500283773520307,2.2754528828554412,-0.0920845117045908
BC11,SE,regular,September,3,13,749.4944444444444,4.680852652509257,4,1.4993997717306642,8.426912014557704,0.3636363636363637,1.8270752966200337,0,0,3,30,30,1,6.7,2049.628544,7,0.841,0.95,0.952,0,5.36,39.058,0.104,0,1.8500283773520307,2.2754528828554412,-0.0920845117045908
BC12,NW,reduced,March,0,17,237.3361111111111,4.032386413137373,4,1.064720907078731,13.314244716937232,0.11101719679331476,0.9267650226545504,0.0588235294117647,4.213433831532871e-4,2,60,60,7,3.1,593.1908566,6,0.805,0.938,0.941,0,4.619,37.143,0.095,0,1.7261537121300612,-0.5336083782779377,-0.4775545607005522
BC12,SE,reduced,March,0,14,226.5333333333333,2.8909442055581027,3,1.1329426783540997,17.8174485144657,0.24459804382101472,0.9998649198300013,0,0,2,30,30,2,6,593.1908566,6,0.805,0.938,0.941,0,4.619,37.143,0.095,0,1.7261537121300612,-0.5336083782779377,-0.4775545607005522
BC12,NW,reduced,May,0,24,3123.0133333333333,6.168398999254567,5,2.390027300135317,17.679336977063414,0.17696980501733067,1.6556130080911746,0.04166666666666666,0.01056671761461153,1,65,65,7,3.1,593.1908566,6,0.805,0.938,0.941,0,4.619,37.143,0.095,0,1.7261537121300612,-0.5336083782779377,-0.4775545607005522
BC12,SE,reduced,May,0,19,2614.365,5.436651469450858,4,2.030878265728939,17.817448514465823,0.32920371291913125,2.273372080791295,0,0,1,40,40,2,6,593.1908566,6,0.805,0.938,0.941,0,4.619,37.143,0.095,0,1.7261537121300612,-0.5336083782779377,-0.4775545607005522
BC12,NW,reduced,July,1,18,1007.9083333333332,5.907978592900071,4,1.3582588132037596,16.69195169100361,0.1992552037128788,1.8318391922979849,0,0,1,60,60,7,3.1,593.1908566,6,0.805,0.938,0.941,0,4.619,37.143,0.095,0,1.7261537121300612,-0.5336083782779377,-0.4775545607005522
BC12,SE,reduced,July,1,16,634.9133333333333,3.8723875524962192,3,2.057036305599037,8.77152318084776,0.2995774653104144,2.1181598341803074,0,0,0,20,20,2,6,593.1908566,6,0.805,0.938,0.941,0,4.619,37.143,0.095,0,1.7261537121300612,-0.5336083782779377,-0.4775545607005522
BC12,NW,reduced,September,1,20,1086.62,6.90864826540096,4,1.332575323670684,8.767095549874757,0.12305837462043975,2.0186070735418262,0.05,0.00368113968084519,1,60,60,7,3.1,593.1908566,6,0.805,0.938,0.941,0,4.619,37.143,0.095,0,1.7261537121300612,-0.5336083782779377,-0.4775545607005522
BC12,SE,reduced,September,1,14,856.2033333333333,5.294770802431068,3,2.1682644668337985,8.77152318084776,0.32301406506432384,2.337632536596996,0,0,1,20,20,2,6,593.1908566,6,0.805,0.938,0.941,0,4.619,37.143,0.095,0,1.7261537121300612,-0.5336083782779377,-0.4775545607005522
BC13,NW,regular,March,0,20,142.3542857142857,4.039914008908885,3,2.0000162835438107,8.426912014557708,0.08402799838969899,2.356589091905988,0.05,7.024727039177907e-5,2,15,15,0,8.3,1689.750962,9,0.81,0.888,0.889,0,5.89,35.268,0.104,0,1.9300710850255671,1.5813496039494832,-0.0920845117045908
BC13,SE,regular,March,0,18,127.44666666666669,3.2110451727702873,3,1.9150889922505303,8.42691201455771,0.10910306940832418,2.119457705177718,0,0,5,25,25,0,6.5,1689.750962,9,0.81,0.888,0.889,0,5.89,35.268,0.104,0,1.9300710850255671,1.5813496039494832,-0.0920845117045908
BC13,NW,regular,May,0,23,975.9916666666668,7.811451241914816,4,2.9573393423784173,8.42691201455771,0.10863340142209658,2.4955555645595937,0.04347826086956521,7.684491841631161e-4,5,18,18,0,8.3,1689.750962,9,0.81,0.888,0.889,0,5.89,35.268,0.104,0,1.9300710850255671,1.5813496039494832,-0.0920845117045908
BC13,SE,regular,May,0,21,1027.3166666666666,7.451788963007883,4,2.367448172063737,8.426912014557706,0.1880624793268761,2.0154749359035864,0,0,10,25,25,0,6.5,1689.750962,9,0.81,0.888,0.889,0,5.89,35.268,0.104,0,1.9300710850255671,1.5813496039494832,-0.0920845117045908
BC13,NW,regular,July,1,19,459.9746666666666,3.9225763091505303,5,1.7057678717463436,7.085336332568495,0.13594681066756667,1.697151612195776,0,0,5,18,18,0,8.3,1689.750962,9,0.81,0.888,0.889,0,5.89,35.268,0.104,0,1.9300710850255671,1.5813496039494832,-0.0920845117045908
BC13,SE,regular,July,1,18,289.26666666666665,5.8264030825934,5,2.7468822784497076,7.085336332568495,0.14094980349911493,1.2691863974736997,0,0,10,25,25,0,6.5,1689.750962,9,0.81,0.888,0.889,0,5.89,35.268,0.104,0,1.9300710850255671,1.5813496039494832,-0.0920845117045908
BC13,NW,regular,September,3,21,425.1583333333333,5.985658362563298,4,1.6590253066389715,9.088120625912858,0.19032896793028917,1.8530496375037435,0,0,10,20,20,0,8.3,1689.750962,9,0.81,0.888,0.889,0,5.89,35.268,0.104,0,1.9300710850255671,1.5813496039494832,-0.0920845117045908
BC13,SE,regular,September,3,24,286.69166666666666,8.607983623336743,4,1.2134669418996342,9.088120625912858,0.1846314016489319,1.8708737746880568,0,0,5,22,22,0,6.5,1689.750962,9,0.81,0.888,0.889,0,5.89,35.268,0.104,0,1.9300710850255671,1.5813496039494832,-0.0920845117045908
BC14,NW,regular,March,0,18,197.94883333333337,3.362371683071267,3,1.1579245449449815,14.999267359636036,0.1492900322361379,1.5486770069420093,0.05555555555555555,0.00269429894762367,10,20,20,3,3.2,712.7115454,10,0.861,0.959,0.961,1.191,25.729,31.073,0.08,0.7843580606133295,3.285749118302491,-0.303086372622196,-1.1200046423604881
BC14,SE,regular,March,0,22,91.47216666666668,4.279574926429981,3,1.2507788213326014,18.541935525920277,0.1529855197583484,1.8499582459696624,0.09090909090909093,0.00593987606430371,1,5,5,8,4.3,712.7115454,10,0.861,0.959,0.961,1.191,25.729,31.073,0.08,0.7843580606133295,3.285749118302491,-0.303086372622196,-1.1200046423604881
BC14,NW,regular,May,0,21,1540.2854166666668,6.78135420446103,4,1.309247921124012,16.124764183098122,0.19157887777457192,2.2273394631246033,0,0,10,16,16,3,3.2,712.7115454,10,0.861,0.959,0.961,1.191,25.729,31.073,0.08,0.7843580606133295,3.285749118302491,-0.303086372622196,-1.1200046423604881
BC14,SE,regular,May,0,21,1199.1583333333333,6.088222782159103,4,1.2481286688248905,19.634790711702248,0.21749590851378311,2.1141235071825943,0,0,1,5,5,8,4.3,712.7115454,10,0.861,0.959,0.961,1.191,25.729,31.073,0.08,0.7843580606133295,3.285749118302491,-0.303086372622196,-1.1200046423604881
BC14,NW,regular,July,1,16,535.6133333333333,5.106339355307259,4,2.203542266148711,8.407753555278733,0.23880668438868533,1.7044723616454691,0,0,3,15,15,3,3.2,712.7115454,10,0.861,0.959,0.961,1.191,25.729,31.073,0.08,0.7843580606133295,3.285749118302491,-0.303086372622196,-1.1200046423604881
BC14,SE,regular,July,1,19,337.18,6.626238408804097,4,2.897205390239683,19.634790711702248,0.18963904154112768,1.999017762336767,0,0,1,7,7,8,4.3,712.7115454,10,0.861,0.959,0.961,1.191,25.729,31.073,0.08,0.7843580606133295,3.285749118302491,-0.303086372622196,-1.1200046423604881
BC14,NW,regular,September,3,17,425.9,4.860887228030886,4,1.8942495590100292,8.407753555278738,0.25597819387442283,1.891506003859591,0,0,4,25,25,3,3.2,712.7115454,10,0.861,0.959,0.961,1.191,25.729,31.073,0.08,0.7843580606133295,3.285749118302491,-0.303086372622196,-1.1200046423604881
BC14,SE,regular,September,3,18,364.1333333333333,5.7730142725629525,4,2.6573269293310164,8.426912014557704,0.16968105564120367,2.096088072818421,0,0,1,23,23,8,4.3,712.7115454,10,0.861,0.959,0.961,1.191,25.729,31.073,0.08,0.7843580606133295,3.285749118302491,-0.303086372622196,-1.1200046423604881
BC15,NW,reduced,March,0,17,124.32,4.185825463325529,3,1.0598103402878902,8.426912014557704,0.26666666666666666,1.2043655956317345,0.0588235294117647,8.043758043758043e-5,8,20,20,0,3.2,615.5339933,11,0.843,0.924,0.925,2.337,38.931,29.439,0.069,1.205072199769237,3.6871529645882353,-0.4905147119308239,-1.591134702244441
BC15,SE,reduced,March,0,19,249.31666666666663,3.818405198616344,3,1.4827585737303772,17.6793369770633,0.06335536975114386,1.0785777889725876,0.05263157894736842,4.010963299685808e-5,20,15,15,0,6.1,615.5339933,11,0.843,0.924,0.925,2.337,38.931,29.439,0.069,1.205072199769237,3.6871529645882353,-0.4905147119308239,-1.591134702244441
BC15,NW,reduced,May,0,20,776.4966666666667,6.102015237771363,3,2.0548810644321693,9.4187249315904,0.27777777777777773,1.7479839664931378,0,0,15,20,20,0,3.2,615.5339933,11,0.843,0.924,0.925,2.337,38.931,29.439,0.069,1.205072199769237,3.6871529645882353,-0.4905147119308239,-1.591134702244441
BC15,SE,reduced,May,0,18,730.35,6.894822059941181,3,2.170144190961945,9.4187249315904,0.31249999999999994,1.527839138195896,0,0,25,20,20,0,6.1,615.5339933,11,0.843,0.924,0.925,2.337,38.931,29.439,0.069,1.205072199769237,3.6871529645882353,-0.4905147119308239,-1.591134702244441
BC15,NW,reduced,July,1,15,1211.1883333333335,3.3335093408362897,4,1.899752401991475,9.088120625912838,0.0719168129683819,1.5003878192593976,0,0,10,30,30,0,3.2,615.5339933,11,0.843,0.924,0.925,2.337,38.931,29.439,0.069,1.205072199769237,3.6871529645882353,-0.4905147119308239,-1.591134702244441
BC15,SE,reduced,July,1,17,1090.3866666666668,6.170602978526389,4,1.6180452163499557,8.426912014557702,0.26666666666666666,1.921526937184036,0,0,15,20,20,0,6.1,615.5339933,11,0.843,0.924,0.925,2.337,38.931,29.439,0.069,1.205072199769237,3.6871529645882353,-0.4905147119308239,-1.591134702244441
BC15,NW,reduced,September,2,14,381.375,3.0232558139534884,3,2.8036032268068367,7.085336332568495,0.25,1.833028956854848,0,0,20,30,30,0,3.2,615.5339933,11,0.843,0.924,0.925,2.337,38.931,29.439,0.069,1.205072199769237,3.6871529645882353,-0.4905147119308239,-1.591134702244441
BC15,SE,reduced,September,2,18,469.2833333333333,7.429275778750084,3,2.2706294981015507,8.426912014557702,0.25,2.039477719225188,0,0,15,25,25,0,6.1,615.5339933,11,0.843,0.924,0.925,2.337,38.931,29.439,0.069,1.205072199769237,3.6871529645882353,-0.4905147119308239,-1.591134702244441
BC16,NW,regular,March,0,19,323.52333333333337,3.4651349553523465,3,1.116467233561703,11.988738640120914,0.07245970776264356,0.8145886759661953,0.15789473684210523,0.05262886757266348,0,30,30,0,3.9,414.8331526,9,0.744,0.84,0.842,2.354,35.599,29.759,0.077,1.210153663401017,3.6000209176296853,-0.8776105427821393,-1.2484946586924754
BC16,SE,regular,March,0,23,234.94333333333333,5.542535409518783,3,1.058094458837097,12.328922175437972,0.05814630151822152,1.4671738944816608,0.13043478260869565,0.03355419037214648,0,15,15,4,3.8,414.8331526,9,0.744,0.84,0.842,2.354,35.599,29.759,0.077,1.210153663401017,3.6000209176296853,-0.8776105427821393,-1.2484946586924754
BC16,NW,regular,May,0,18,1595.6944444444443,6.805370768929759,3,2.0233130621003923,10.628004498852729,0.2223537049781524,1.409015161706794,0,0,0,30,30,0,3.9,414.8331526,9,0.744,0.84,0.842,2.354,35.599,29.759,0.077,1.210153663401017,3.6000209176296853,-0.8776105427821393,-1.2484946586924754
BC16,SE,regular,May,0,21,1816.4666666666667,7.725228427276037,3,2.2138011094960355,11.988738640120914,0.2001937958279686,2.0651455517569266,0.09523809523809525,0.00642272543766286,0,15,15,4,3.8,414.8331526,9,0.744,0.84,0.842,2.354,35.599,29.759,0.077,1.210153663401017,3.6000209176296853,-0.8776105427821393,-1.2484946586924754
BC16,NW,regular,July,1,18,1493.7713333333334,5.708791211914151,4,2.1633189943434306,10.628004498852729,0.17250990436275696,1.6799601734885423,0.05555555555555555,0.00133889301218348,1,18,18,0,3.9,414.8331526,9,0.744,0.84,0.842,2.354,35.599,29.759,0.077,1.210153663401017,3.6000209176296853,-0.8776105427821393,-1.2484946586924754
BC16,SE,regular,July,1,15,1747.6166666666666,6.483102265732627,4,2.1045220907654274,11.988738640120916,0.2595995014038277,2.094239496781873,0.06666666666666667,0.0267030336553592,0.1,7,7,4,3.8,414.8331526,9,0.744,0.84,0.842,2.354,35.599,29.759,0.077,1.210153663401017,3.6000209176296853,-0.8776105427821393,-1.2484946586924754
BC16,NW,regular,September,3,24,560.8208333333333,7.777205287728681,4,1.1006964279658378,11.988738640120914,0.11274830087994513,2.021323036347954,0.08333333333333333,0.00625868332875175,2,23,23,0,3.9,414.8331526,9,0.744,0.84,0.842,2.354,35.599,29.759,0.077,1.210153663401017,3.6000209176296853,-0.8776105427821393,-1.2484946586924754
BC16,SE,regular,September,3,21,757.0916666666667,7.865231449438551,4,1.1744663707884602,11.988738640120916,0.24390918957858737,2.361881327737612,0.04761904761904761,0.0105667521546268,5,20,20,4,3.8,414.8331526,9,0.744,0.84,0.842,2.354,35.599,29.759,0.077,1.210153663401017,3.6000209176296853,-0.8776105427821393,-1.2484946586924754
BC17,N,reduced & sowing,March,0,35,483.231,5.480755106753165,3,1.2523346739310357,20.722972671304888,0.12643782109602666,2.064653571493779,0.05714285714285714,0.20073215501488936,10,8,8,4,2.2,237.3214172,13,0.703,0.863,0.866,2.354,30.801,31.411,0.082,1.210153663401017,3.4594977358325796,-1.2199810702839797,-1.0343446314724967
BC17,S,reduced & sowing,March,0,35,450.57,12.721606480261537,3,1.2351966389814018,15.150530924471015,0.19236286196575184,1.923360963305906,0.02857142857142857,0.0019974698714961,20,15,15,10,4,237.3214172,13,0.703,0.863,0.866,2.354,30.801,31.411,0.082,1.210153663401017,3.4594977358325796,-1.2199810702839797,-1.0343446314724967
BC17,N,reduced & sowing,May,0,31,1079.7166666666667,6.245164939463992,6,2.19740743713064,20.72297267130477,0.09898733387991858,2.1225392365412254,0.06451612903225806,0.25546825556087244,10,5,5,4,2.2,237.3214172,13,0.703,0.863,0.866,2.354,30.801,31.411,0.082,1.210153663401017,3.4594977358325796,-1.2199810702839797,-1.0343446314724967
BC17,S,reduced & sowing,May,0,34,2087.4666666666667,14.088242107127774,6,2.9338710796890064,22.66694810280336,0.12980561445638594,1.4715555287706092,0,0,20,15,15,10,4,237.3214172,13,0.703,0.863,0.866,2.354,30.801,31.411,0.082,1.210153663401017,3.4594977358325796,-1.2199810702839797,-1.0343446314724967
BC17,N,reduced & sowing,July,1,25,1222.006666666667,6.715558995866056,5,1.785012159283897,7.439526728498019,0.13043478260869565,2.0687798150350063,0.08,0.09015226321733108,10,30,20,4,2.2,237.3214172,13,0.703,0.863,0.866,2.354,30.801,31.411,0.082,1.210153663401017,3.4594977358325796,-1.2199810702839797,-1.0343446314724967
BC17,S,reduced & sowing,July,1,30,1203.7133333333334,13.029683342641864,5,2.538355790605099,22.66694810280336,0.16630421621394412,1.720703162873501,0,0,5,6,25,10,4,237.3214172,13,0.703,0.863,0.866,2.354,30.801,31.411,0.082,1.210153663401017,3.4594977358325796,-1.2199810702839797,-1.0343446314724967
BC17,N,reduced & sowing,September,2,29,1248.6916666666666,5.938691930287348,4,2.865508359629908,13.986717182450978,0.0631863737700669,2.060202336462525,0.06896551724137931,0.04618167014808833,3,25,15,4,2.2,237.3214172,13,0.703,0.863,0.866,2.354,30.801,31.411,0.082,1.210153663401017,3.4594977358325796,-1.2199810702839797,-1.0343446314724967
BC17,S,reduced & sowing,September,2,32,1512.425,13.602492265044573,4,3.1687226765980916,14.504908113772707,0.1636368524082207,1.824038593578991,0.03125,0.02424362640571708,2,26,20,10,4,237.3214172,13,0.703,0.863,0.866,2.354,30.801,31.411,0.082,1.210153663401017,3.4594977358325796,-1.2199810702839797,-1.0343446314724967
BC18,NW,reduced,March,0,17,109.411,4.522821928067071,3,1.0036826690188547,8.42691201455771,0.16553764679771124,1.303799614957863,0.0588235294117647,9.139848826900404e-4,2,30,30,4,2.9,714.622758,10,0.814,0.93,0.932,2.354,29.482,31.701,0.083,1.210153663401017,3.417136345463658,-0.29940017765285676,-0.9915146260285009
BC18,SE,reduced,March,0,16,104.635,3.02493529168436,3,1.0327649472196774,14.999267359636017,0.1638712476495034,1.8370327108758808,0,0,1,5,5,2,3.5,714.622758,10,0.814,0.93,0.932,2.354,29.482,31.701,0.083,1.210153663401017,3.417136345463658,-0.29940017765285676,-0.9915146260285009
BC18,NW,reduced,May,0,19,1236.6833333333334,6.40891156603111,5,1.861093305774131,14.999267359636113,0.09576156077270352,1.643315102500075,0.05263157894736842,0.5781593239983288,1,35,35,4,2.9,714.622758,10,0.814,0.93,0.932,2.354,29.482,31.701,0.083,1.210153663401017,3.417136345463658,-0.29940017765285676,-0.9915146260285009
BC18,SE,reduced,May,0,18,393.7176666666667,4.051034081313096,5,1.623570415861474,14.999267359636017,0.18440631922050676,2.0533498704862914,0,0,0,3,3,2,3.5,714.622758,10,0.814,0.93,0.932,2.354,29.482,31.701,0.083,1.210153663401017,3.417136345463658,-0.29940017765285676,-0.9915146260285009
BC18,NW,reduced,July,1,22,1685.6643333333334,7.257818857281172,4,2.2481501363718666,19.412139692665846,0.2875864804324791,2.1463389946430453,0.04545454545454545,7.118855019178394e-4,1,45,10,4,2.9,714.622758,10,0.814,0.93,0.932,2.354,29.482,31.701,0.083,1.210153663401017,3.417136345463658,-0.29940017765285676,-0.9915146260285009
BC18,SE,reduced,July,1,16,991.3513333333332,4.899178453993517,5,2.345287575601166,14.999267359636116,0.1557108901133319,2.0834954310511447,0,0,2,14,6,2,3.5,714.622758,10,0.814,0.93,0.932,2.354,29.482,31.701,0.083,1.210153663401017,3.417136345463658,-0.29940017765285676,-0.9915146260285009
BC18,NW,reduced,September,2,23,1374.253333333333,6.745302313255602,5,2.6884274835533093,19.412139692665846,0.16932827191687808,2.237893611954274,0.04347826086956521,9.0958484122287e-4,1,18,18,4,2.9,714.622758,10,0.814,0.93,0.932,2.354,29.482,31.701,0.083,1.210153663401017,3.417136345463658,-0.29940017765285676,-0.9915146260285009
BC18,SE,reduced,September,2,20,740.345,3.014012792139926,5,2.917849107764895,14.999267359636116,0.2222222222222222,1.8264889316784363,0.05,0.01727798076122168,0,22,22,2,3.5,714.622758,10,0.814,0.93,0.932,2.354,29.482,31.701,0.083,1.210153663401017,3.417136345463658,-0.29940017765285676,-0.9915146260285009
BC19,NW,regular,March,0,16,103.85,4.999531359837539,2,1.4680062497729007,3.5566750268967273,0.2142857142857143,1.6833700399649123,0,0,2,10,10,6,23,581.132051,5,0.64,0.746,0.747,2.354,24.06,32.036,0.086,1.210153663401017,3.221272949467922,-0.5568664441461514,-0.8630246096965142
BC19,SE,regular,March,0,14,101.73333333333332,6.445797807551767,3,1.349367584263368,6.558830768804469,0.25,1.8562214428557628,0,0,1,5,5,1,23.7,581.132051,5,0.64,0.746,0.747,2.354,24.06,32.036,0.086,1.210153663401017,3.221272949467922,-0.5568664441461514,-0.8630246096965142
BC19,NW,regular,May,0,20,1658.5666666666666,8.090797519593488,4,1.686308131670809,9.936537742870849,0.2222222222222222,1.825032283953455,0,0,1,3,3,6,23,581.132051,5,0.64,0.746,0.747,2.354,24.06,32.036,0.086,1.210153663401017,3.221272949467922,-0.5568664441461514,-0.8630246096965142
BC19,SE,regular,May,0,16,2129.8333333333335,7.072663492858932,4,1.7588960490162733,6.558830768804469,0.2142857142857143,1.7065328892871163,0,0,2,2,2,1,23.7,581.132051,5,0.64,0.746,0.747,2.354,24.06,32.036,0.086,1.210153663401017,3.221272949467922,-0.5568664441461514,-0.8630246096965142
BC19,NW,regular,July,1,19,608.2666666666667,5.680541386111678,4,2.5819492140556677,3.5566750268967273,0.1459676211898217,1.7708547690539185,0,0,0,3,3,6,23,581.132051,5,0.64,0.746,0.747,2.354,24.06,32.036,0.086,1.210153663401017,3.221272949467922,-0.5568664441461514,-0.8630246096965142
BC19,SE,regular,July,1,14,435.48333333333335,5.8505514705882335,4,3.0161552734736583,3.5566750268967273,0.19862104662662736,1.7884804434705173,0,0,2,4,4,1,23.7,581.132051,5,0.64,0.746,0.747,2.354,24.06,32.036,0.086,1.210153663401017,3.221272949467922,-0.5568664441461514,-0.8630246096965142
BC19,NW,regular,September,3,18,589.0266666666666,7.642041318470316,4,1.1976967647406374,4.563218772235388,0.11467271642839076,1.8467862312355952,0,0,2,5,5,6,23,581.132051,5,0.64,0.746,0.747,2.354,24.06,32.036,0.086,1.210153663401017,3.221272949467922,-0.5568664441461514,-0.8630246096965142
BC19,SE,regular,September,3,14,496.48333333333335,7.91017499497141,4,1.836205750463956,3.5566750268967273,0.17187990389586813,1.862453359365228,0,0,2,6,6,1,23.7,581.132051,5,0.64,0.746,0.747,2.354,24.06,32.036,0.086,1.210153663401017,3.221272949467922,-0.5568664441461514,-0.8630246096965142
BC20,NW,regular,March,0,26,312.3666666666667,9.524497253225285,3,1.6593869339902532,20.9092198405578,0.15034886876130357,1.6641397435004353,0.1153846153846154,0.05794472308184826,3,20,20,0,7.3,880.6877397,9,0.784,0.913,0.916,2.354,19.832,33.459,0.094,1.210153663401017,3.0364902660261586,0.020892761042690916,-0.520384566144548
BC20,SE,regular,March,0,24,491.37333333333333,6.598951708936082,3,1.9775544381917152,17.6793369770634,0.11363279605748663,1.2405037746794771,0.16666666666666666,0.00923941063142756,4,30,30,0,8.7,880.6877397,9,0.784,0.913,0.916,2.354,19.832,33.459,0.094,1.210153663401017,3.0364902660261586,0.020892761042690916,-0.520384566144548
BC20,NW,regular,May,0,27,1507.0333333333333,5.981603714161449,5,2.525850309515886,22.366660426088583,0.17693274884128027,2.589587305349063,0,0,3,30,30,0,7.3,880.6877397,9,0.784,0.913,0.916,2.354,19.832,33.459,0.094,1.210153663401017,3.0364902660261586,0.020892761042690916,-0.520384566144548
BC20,SE,regular,May,0,24,1210.3033333333333,8.353039448528206,5,2.507935229451765,17.679336977063393,0.1606650207113061,2.026187304558389,0.04166666666666666,8.262391521684647e-6,10,35,35,0,8.7,880.6877397,9,0.784,0.913,0.916,2.354,19.832,33.459,0.094,1.210153663401017,3.0364902660261586,0.020892761042690916,-0.520384566144548
BC20,NW,regular,July,1,20,298.33,7.291368039608865,4,2.060436616853328,17.161146045741557,0.06810437695623088,1.6317914699982443,0,0,2,15,15,0,7.3,880.6877397,9,0.784,0.913,0.916,2.354,19.832,33.459,0.094,1.210153663401017,3.0364902660261586,0.020892761042690916,-0.520384566144548
BC20,SE,regular,July,1,18,498.71,6.859541690433176,5,2.8716584786593073,8.426912014557704,0.25,2.0402000255342694,0,0,15,20,20,0,8.7,880.6877397,9,0.784,0.913,0.916,2.354,19.832,33.459,0.094,1.210153663401017,3.0364902660261586,0.020892761042690916,-0.520384566144548
BC20,NW,regular,September,3,22,534.2433333333333,6.567116855022308,4,1.331478805549884,11.988738640120916,0.12841941623924508,1.712868863614488,0,0,3,35,35,0,7.3,880.6877397,9,0.784,0.913,0.916,2.354,19.832,33.459,0.094,1.210153663401017,3.0364902660261586,0.020892761042690916,-0.520384566144548
BC20,SE,regular,September,3,22,639.8,6.774432660508609,4,1.6727687195200474,8.426912014557704,0.07143662688447318,1.8419734982636928,0,0,7,17,17,0,8.7,880.6877397,9,0.784,0.913,0.916,2.354,19.832,33.459,0.094,1.210153663401017,3.0364902660261586,0.020892761042690916,-0.520384566144548
