PlotNo,Month,Subplot,SR,evenness,shannon,cover,biomass,height_mean,phen_Richness,phen_Shannon,phen_evenness,Seedling_mass,Juvenile_mass,Vegetative_mass,FlowerBud_mass,Flowering_mass,Fruiting_mass,PostFruiting_mass,Annuals_mass,ShortLived_mass,Perennials_mass,Neophytes_mass,Endangereds_mass,Seedling_SR,Juvenile_SR,Vegetative_SR,FlowerBud_SR,Flowering_SR,Fruiting_SR,PostFruiting_SR,Annuals_SR,ShortLived_SR,Perennials_SR,Neophytes_SR,Endangereds_SR,Seedling_mass_propr,Juvenile_mass_propr,FlowerBud_mass_propr,Flowering_mass_propr,Fruiting_mass_propr,PostFruiting_mass_propr,Annuals_mass_propr,ShortLived_mass_propr,Perennials_mass_propr,Neophytes_mass_propr,Endangereds_mass_propr,Seedling_SR_propr,Juvenile_SR_propr,FlowerBud_SR_propr,Flowering_SR_propr,Fruiting_SR_propr,PostFruiting_SR_propr,Annuals_SR_propr,ShortLived_SR_propr,Perennials_SR_propr,Neophytes_SR_propr,Endangereds_SR_propr
BC01,March,NW,13,3.9537043066064155,5.9247680720593605,55.1,175.25119047619046,2.4496336996337,2,1.1383686779309463,1.0586861236799927,0,0,170.25119047619046,0,5,0,0,1.675,0.625,173.57619047619048,0,0,0,0,12,0,1,0,0,3,1,10,0,0,0,0,0,0.02853047666274939,0,0,0.009557709682021047,0.0035663095828436736,0.990442290317979,0,0,0,0,0,0.07692307692307693,0,0,0.23076923076923078,0.07692307692307693,0.7692307692307693,0,0
BC01,March,SE,14,5.43739957619989,6.82775610054927,58.61,202.4652380952381,2.5901360544217686,2,1.0174434319483006,1.004951316773664,0,0,201.9652380952381,0,0.5,0,0,0.85,0.02,201.6152380952381,0,0,0,0,13,0,1,0,0,2,1,12,0,0,0,0,0,0.002469559736298059,0,0,0.0041982515517067,9.878238945192238e-5,0.9958017484482933,0,0,0,0,0,0.07142857142857142,0,0,0.14285714285714285,0.07142857142857142,0.8571428571428571,0,0
BC01,May,NW,16,8.645976509152666,10.707366200524023,94.001,1003.003,9.583333333333334,3,2.853798769336389,2.725174368873956,0,0,217.33333333333334,0,474.3333333333333,311.33633333333336,0,90.66966666666667,9,912.3333333333334,0,0,0,0,3,0,9,5,0,6,1,10,0,0,0,0,0,0.47291317506860225,0.31040418955210836,0,0.09039820086945569,0.008973053919080999,0.9096017991305443,0,0,0,0,0,0.5625,0.3125,0,0.375,0.0625,0.625,0,0
BC01,May,SE,17,8.060022289444355,10.04991647006363,112.5,1104.3333333333333,8.313725490196079,3,2.8310945162835837,2.716602781605162,0,0,200,0,455,449.33333333333337,0,53.666666666666664,10,1050.6666666666667,0,0,0,0,4,0,11,3,0,4,2,13,0,0,0,0,0,0.41201328101418655,0.40688198007847876,0,0.04859643827346816,0.009055236945366738,0.951403561726532,0,0,0,0,0,0.6470588235294118,0.17647058823529413,0,0.23529411764705882,0.11764705882352941,0.7647058823529411,0,0
BC01,July,NW,14,3.580789689792607,5.141639920422365,66.01,1117.3933333333332,13.214285714285714,4,2.6266943410990677,2.3967336856839747,101.99333333333333,0,6.7,0,474.6833333333333,534.0166666666667,0,13.326666666666666,13,1104.0666666666666,101.66666666666666,0,3,0,3,0,6,8,0,3,1,11,1,0,0.09127791467045326,0,0,0.4248131066947479,0.47791288057323894,0,0.011926567189112757,0.011634220119444661,0.9880734328108873,0.09098556760078516,0,0.21428571428571427,0,0,0.42857142857142855,0.5714285714285714,0,0.21428571428571427,0.07142857142857142,0.7857142857142857,0.07142857142857142,0
BC01,July,SE,12,5.631981820356416,7.0633758189090985,108.5,1490.75,11.256944444444445,4,2.85218834899416,2.73631536936719,0.5,0,280.9166666666667,0,573,636.3333333333333,0,0.5,0,1490.25,0,0,1,0,5,0,5,6,0,1,0,11,0,0,3.35401643468053e-4,0,0,0.3843702834143887,0.4268544915870087,0,3.35401643468053e-4,0,0.999664598356532,0,0,0.08333333333333333,0,0,0.4166666666666667,0.5,0,0.08333333333333333,0,0.9166666666666666,0,0
BC01,September,NW,16,5.582098924991815,8.017042640017852,89.11,748.0266666666666,7.109375,4,1.8791203092519095,1.5109617235872994,3.01,0,596.85,0,34.666666666666664,113.49999999999999,0,40.51,2.8333333333333335,707.5166666666667,0,0,2,0,10,0,2,3,0,6,1,10,0,0,0.004023920715839007,0,0,0.04634415885351681,0.15173255855406223,0,0.054155823321806705,0.0037877437524508934,0.9458441766781933,0,0,0.125,0,0,0.125,0.1875,0,0.375,0.0625,0.625,0,0
BC01,September,SE,17,7.165694436674518,9.774366421751019,118.7,1124.0333333333333,7.495098039215686,4,2.097217895237308,1.6858458872128343,0.8333333333333334,0,842.6333333333333,0,135,145.56666666666666,0,25.2,1.4000000000000001,1098.8333333333335,0,0,1,0,9,0,5,6,0,5,2,12,0,0,7.413777764597729e-4,0,0,0.1201031997864832,0.12950386999199312,0,0.022419263960143532,0.0012455146644524185,0.9775807360398566,0,0,0.058823529411764705,0,0,0.29411764705882354,0.35294117647058826,0,0.29411764705882354,0.11764705882352941,0.7058823529411765,0,0
BC02,March,NW,23,5.080774521213318,8.104988063454954,53.921,287.0642222222222,3.7845410628019325,3,1.1876580655971498,1.0783849961437209,1,0,276.25866666666667,0,9.805555555555555,0,0,186.2388888888889,6.992222222222222,100.82533333333333,16.933333333333334,0,1,0,18,0,4,0,0,10,5,13,4,0,0.003483541042693505,0,0,0.03415805522418909,0,0,0.6487708131900799,0.024357693090744696,0.3512291868099202,0.058987961656276684,0,0.043478260869565216,0,0,0.17391304347826086,0,0,0.43478260869565216,0.21739130434782608,0.5652173913043478,0.17391304347826086,0
BC02,March,SE,21,3.3260489221441865,5.263247912677085,59.84,335.436,3.3746031746031746,3,1.1000243814832538,1.035312134080279,1,0,329.6293333333333,0,4.806666666666667,0,0,239.88666666666666,0.7266666666666668,95.54933333333334,0.34,0,1,0,17,0,3,0,0,11,4,10,2,0,0.0029811946243098538,0,0,0.01432960882751603,0,0,0.7151488411102764,0.0021663347603318272,0.2848511588897237,0.0010136061722653502,0,0.047619047619047616,0,0,0.14285714285714285,0,0,0.5238095238095238,0.19047619047619047,0.47619047619047616,0.09523809523809523,0
BC02,May,NW,19,7.998977411756112,10.993348369428443,93.6,1878.3833333333332,13.267543859649123,3,1.96278737360913,1.7132413914153333,0,0,1350.0499999999997,0,43.666666666666664,484.6666666666667,0,500.33333333333337,43,1378.0499999999997,1118.6666666666665,0,0,0,12,0,2,5,0,7,2,12,3,0,0,0,0,0.02324694107521539,0.2580233001783449,0,0.2663638057549489,0.022892025944296072,0.733636194245051,0.5955475896826171,0,0,0,0,0.10526315789473684,0.2631578947368421,0,0.3684210526315789,0.10526315789473684,0.631578947368421,0.15789473684210525,0
BC02,May,SE,20,7.697278394404743,11.04114514832971,112.5,1284.875,10.05625,3,2.6166122188266066,2.426759998584246,0,0,492.66666666666663,0,147.33333333333331,644.8750000000001,0,675.5416666666667,158.99999999999997,609.3333333333334,40,0,0,0,12,0,2,6,0,10,5,10,1,0,0,0,0,0.11466744495249212,0.5018970716995818,0,0.5257645036806434,0.12374744624963516,0.47423549631935663,0.031131433018776144,0,0,0,0,0.1,0.3,0,0.5,0.25,0.5,0.05,0
BC02,July,NW,17,3.558007972576397,5.8383592847957715,83.61,4601.08,20.19607843137255,5,2.123398956546726,1.6560401703181031,5.166666666666667,0,38.163333333333334,3493.333333333333,610.0416666666667,454.375,0,484.9666666666667,555.8000000000001,4116.113333333333,4266.666666666666,0,2,0,5,1,8,6,0,5,3,12,3,0,0.0011229247625919713,0,0.7592420330299262,0.13258662458958914,0.09875398819407617,0,0.1054027894900038,0.12079772575134536,0.8945972105099961,0.9273185136243374,0,0.11764705882352941,0,0.058823529411764705,0.47058823529411764,0.35294117647058826,0,0.29411764705882354,0.17647058823529413,0.7058823529411765,0.17647058823529413,0
BC02,July,SE,16,6.658209861688839,8.867433417429131,107.8,2277.8333333333335,17.079166666666666,5,2.8949440181933177,2.5851517139024205,2.9666666666666663,0,47,266,1050.2666666666669,911.6000000000001,0,1123.5000000000002,1340.5333333333335,1154.3333333333333,936.6666666666669,0,2,0,2,1,9,8,0,7,4,8,1,0,0.001302407258359552,0,0.11677763956976658,0.4610814370381211,0.4002048730518768,0,0.4932318723933563,0.5885124753054805,0.5067681276066437,0.4112094826955441,0,0.125,0,0.0625,0.5625,0.5,0,0.4375,0.25,0.5,0.0625,0
BC02,September,NW,20,3.064708865065998,5.681214345239057,110.13,6832.086666666667,16.491666666666667,4,2.195514934941328,2.089483062561064,0.02333333333333333,0,158.73000000000002,0,3182.8333333333335,3490.5,0,123.38999999999999,204.66666666666666,6708.696666666667,6397,0,2,0,8,0,5,10,0,8,3,12,3,0,3.4152572225371843e-6,0,0,0.4658654798485187,0.5108980857971162,0,0.018060368086665564,0.029956684780540446,0.9819396319133343,0.9363171622530159,0,0.1,0,0,0.25,0.5,0,0.4,0.15,0.6,0.15,0
BC02,September,SE,20,8.253905800362064,11.48510104623597,125.6,2488,13.358333333333333,4,2.0812103585206145,1.7138304239853157,1.8333333333333337,0,491.6666666666667,0,166.25,1828.25,0,410.6666666666667,172.5,2077.3333333333335,34.666666666666664,0,2,0,7,0,6,11,0,10,4,10,1,0,7.368703108252949e-4,0,0,0.06682073954983923,0.7348271704180064,0,0.16505894962486603,0.06933279742765273,0.834941050375134,0.013933547695605572,0,0.1,0,0,0.3,0.55,0,0.5,0.2,0.5,0.05,0
BC03,March,NW,23,3.0346795252016,5.7335462601966425,108.52,905.8800000000001,6.115942028985507,2,1.8275591991824762,1.7023552548483414,0,0,263.5466666666667,0,642.3333333333334,0,0,626.23,534.72,279.65,68.4,0,0,0,18,0,5,0,0,13,7,10,4,0,0,0,0,0.709071105812396,0,0,0.6912946527133836,0.5902768578619685,0.30870534728661625,0.07550668962776526,0,0,0,0,0.21739130434782608,0,0,0.5652173913043478,0.30434782608695654,0.43478260869565216,0.17391304347826086,0
BC03,March,SE,20,4.874707493517424,8.403637794066297,100.1,1024.7888888888888,7.1305555555555555,2,1.795498032845363,1.6558298398983577,0,0,278.7888888888889,0,746,0,0,237.33333333333334,183.33333333333334,787.4555555555555,34,0,0,0,15,0,5,0,0,9,5,11,3,0,0,0,0,0.7279548091205778,0,0,0.2315924146978782,0.17889863494920366,0.7684075853021219,0.033177565026943225,0,0,0,0,0.25,0,0,0.45,0.25,0.55,0.15,0
BC03,May,NW,26,6.540443780566804,10.184818162081887,138.22,4464.8983333333335,20.34294871794872,3,2.305997844657961,1.987166158276268,0,0,366.46666666666664,0,2915,1183.4316666666666,0,1765.8983333333333,181.04999999999998,2699,1392.7,0,0,0,10,0,12,10,0,9,3,17,4,0,0,0,0,0.6528704087700391,0.2650523210868183,0,0.39550695256592255,0.04054963550868459,0.6044930474340774,0.3119219959842311,0,0,0,0,0.46153846153846156,0.38461538461538464,0,0.34615384615384615,0.11538461538461539,0.6538461538461539,0.15384615384615385,0
BC03,May,SE,18,7.961187663545745,10.550329768257035,102.6,3093.5666666666666,20.48148148148148,3,2.150320448479805,1.7875952010468759,0,0,240.5,0,2209.4166666666665,643.65,0,442.98333333333335,150,2650.5833333333335,805.3333333333334,0,0,0,6,0,10,7,0,7,3,11,2,0,0,0,0,0.7141972049522126,0.20806081437822577,0,0.1431950176172056,0.04848772183132738,0.8568049823827945,0.2603251909877488,0,0,0,0,0.5555555555555556,0.3888888888888889,0,0.3888888888888889,0.16666666666666666,0.6111111111111112,0.1111111111111111,0
BC03,July,NW,22,7.434174028042448,10.301848280431846,100.61,2602.6433333333334,14.727272727272727,4,2.389348427643606,2.1220860534101345,5.9766666666666675,0,176,0,870.3333333333334,1550.3333333333335,0,563.4766666666667,558.61,2039.1666666666667,1458.3333333333335,0,8,0,3,0,6,9,0,9,5,13,3,0,0.0022963832923707053,0,0,0.33440361273730684,0.5956764468943754,0,0.21650168482555557,0.21463179101247065,0.7834983151744445,0.5603277693319485,0,0.36363636363636365,0,0,0.2727272727272727,0.4090909090909091,0,0.4090909090909091,0.22727272727272727,0.5909090909090909,0.13636363636363635,0
BC03,July,SE,17,5.085851917361261,6.723929198794773,101.64,2610.39,16.313725490196077,4,2.15459683639317,1.8402795060651416,2.9566666666666666,0,134.43333333333334,0,676.6666666666666,1796.3333333333335,0,100.62333333333333,97.66666666666667,2509.766666666667,1234,0,4,0,5,0,4,7,0,6,2,11,2,0,0.001132653230615604,0,0,0.2592205251577989,0.6881474926479697,0,0.03854724134452451,0.03741458811390891,0.9614527586554756,0.4727262976030402,0,0.23529411764705882,0,0,0.23529411764705882,0.4117647058823529,0,0.35294117647058826,0.11764705882352941,0.6470588235294118,0.11764705882352941,0
BC03,September,NW,23,6.427801579363776,10.516651878368863,92.8,1284.8583333333333,12.094927536231884,4,2.9865965988395327,2.9540530892647,0.6583333333333333,0,496.53333333333336,0,426.1666666666667,361.5,0,206.15833333333333,181,1078.7,668.6666666666667,0,2,0,13,0,8,6,0,8,4,15,3,0,5.123781480448557e-4,0,0,0.33168377836726487,0.2813539754707069,0,0.16045218993014793,0.14087156171562365,0.8395478100698521,0.5204205392293574,0,0.08695652173913043,0,0,0.34782608695652173,0.2608695652173913,0,0.34782608695652173,0.17391304347826086,0.6521739130434783,0.13043478260869565,0
BC03,September,SE,17,7.692798785032272,10.261938512428934,104.6,1469.3666666666668,12.192156862745097,3,2.624726980147005,2.3307539856775086,0,0,860.3333333333334,0,323.1166666666667,285.9166666666667,0,235.0333333333333,129.5333333333333,1234.3333333333335,347.33333333333337,0,0,0,10,0,7,5,0,8,4,9,2,0,0,0,0,0.21990199859349832,0.1945849685805676,0,0.15995553639890198,0.08815589482997208,0.840044463601098,0.23638302216374402,0,0,0,0,0.4117647058823529,0.29411764705882354,0,0.47058823529411764,0.23529411764705882,0.5294117647058824,0.11764705882352941,0
BC04,March,NW,19,5.905800445627329,7.849424512892725,59.02,251.31333333333333,3.3552631578947367,3,1.0333786288855504,1.0104799928692187,0.01,0,250.00333333333333,0,1.3,0,0,3.21,2.033333333333333,248.10333333333332,0,0,1,0,16,0,2,0,0,4,2,15,0,0,3.979096479825981e-5,0,0,0.0051728254237737754,0,0,0.012772899700241399,0.008090829508979495,0.9872271002997586,0,0,0.05263157894736842,0,0,0.10526315789473684,0,0,0.21052631578947367,0.10526315789473684,0.7894736842105263,0,0
BC04,March,SE,25,6.486655110868793,9.187510070873982,56.15,227.49444444444444,3.4962222222222223,2,1.0472535891076769,1.0159497547185528,0,0,225.69444444444446,0,1.8,0,0,2.316666666666667,0.5666666666666667,225.17777777777778,0.8,0,0,0,22,0,3,0,0,4,2,21,1,0,0,0,0,0.007912281130186329,0,0,0.010183398861999073,0.002490903318762363,0.989816601138001,0.0035165693911939242,0,0,0,0,0.12,0,0,0.16,0.08,0.84,0.04,0
BC04,May,NW,27,6.307234408081052,9.13501990826244,74.541,749.0348333333333,11.256172839506172,4,3.3381728282900824,2.9262036989356974,0,0,212.35483333333335,107.66666666666666,361.1716666666666,67.84166666666667,0,47.59166666666667,1.2000000000000002,701.4431666666667,37.333333333333336,0,0,0,8,1,13,9,0,7,1,20,1,0,0,0,0.14374053365119424,0.4821827378299496,0.09057211179987402,0,0.06353732102801628,0.001602061675369348,0.9364626789719839,0.0498419187892686,0,0,0,0.037037037037037035,0.48148148148148145,0.3333333333333333,0,0.25925925925925924,0.037037037037037035,0.7407407407407407,0.037037037037037035,0
BC04,May,SE,33,9.02279282940374,14.583953581445229,100.122,1310.5415,11.078282828282829,5,2.734356384343066,2.4558742064607997,0.6000000000000001,0,557.75,19,610.645,122.5465,0,105.3165,66,1205.225,186.66666666666669,0,1,0,6,1,18,11,0,9,2,24,1,0,4.578260207708036e-4,0,0.014497823991075444,0.4659486174226455,0.09350829409064879,0,0.08036105686084721,0.05036086228478839,0.9196389431391527,0.14243476201758332,0,0.030303030303030304,0,0.030303030303030304,0.5454545454545454,0.3333333333333333,0,0.2727272727272727,0.06060606060606061,0.7272727272727273,0.030303030303030304,0
BC04,July,NW,25,9.835287899920809,12.399196577729656,108.14,1837.4933333333333,14.38,5,2.717413214113222,2.4163606780161317,0.03,0,168.54666666666665,31,934.1666666666667,703.75,0,63.480000000000004,58.6,1774.0133333333333,464.1,0,1,0,7,1,11,12,0,5,3,20,2,0,1.6326589847037993e-5,0,0.016870809508605925,0.5083918671813775,0.38299458682843296,0,0.0345470641163324,0.03189127216788088,0.9654529358836675,0.25257234493367775,0,0.04,0,0.04,0.44,0.48,0,0.2,0.12,0.8,0.08,0
BC04,July,SE,17,6.703222159412097,10.352104820629876,77,1237.3333333333335,14.088235294117647,3,2.5487504938936953,2.2624191991325304,0,0,163.83333333333334,0,728.6666666666667,344.8333333333333,0,74,74,1163.3333333333335,38.666666666666664,0,0,0,6,0,8,9,0,1,1,16,1,0,0,0,0,0.5889008620689655,0.27869073275862066,0,0.05980603448275861,0.05980603448275861,0.9401939655172414,0.031249999999999993,0,0,0,0,0.47058823529411764,0.5294117647058824,0,0.058823529411764705,0.058823529411764705,0.9411764705882353,0.058823529411764705,0
BC04,September,NW,25,8.383341090246288,11.343018338808925,97.31,1118.05,9.666666666666666,4,2.268299205753991,1.8750741713565022,0.9749999999999998,0,777.4083333333333,0,121.83333333333333,217.83333333333334,0,16.05,10.3,1102,62,0,2,0,17,0,4,4,0,6,2,19,1,0,8.720540226286837e-4,0,0,0.10896948556266119,0.1948332662522547,0,0.014355350834041413,0.009212468136487635,0.9856446491659586,0.05545369169536246,0,0.08,0,0,0.16,0.16,0,0.24,0.08,0.76,0.04,0
BC04,September,SE,26,6.884039820166987,11.768827858569816,92.6,1019.0083333333333,8.907051282051283,4,2.48612999765881,2.106575460862449,1.7916666666666665,0,652.55,0,164.91666666666669,199.75,0,8.466666666666667,1,1010.5416666666666,82.66666666666667,0,2,0,15,0,5,7,0,5,1,21,1,0,0.0017582453529166426,0,0,0.16184035132195518,0.19602391213679968,0,0.008308731528201437,9.813462434883587e-4,0.9916912684717986,0.08112462279503767,0,0.07692307692307693,0,0,0.19230769230769232,0.2692307692307692,0,0.19230769230769232,0.038461538461538464,0.8076923076923077,0.038461538461538464,0
BC05,March,NW,24,4.3380900877024695,6.366096409441551,69.04,318.78,3.263888888888889,3,1.0981257691971285,1.0355501109209118,0.56,0,313.21999999999997,0,5,0,0,31.83,15.01,271.95,0,0,3,0,20,0,1,0,0,7,2,16,0,0,0.0017566974088713222,0,0,0.015684798293493948,0,0,0.09984942593638246,0.04708576447706883,0.8530961791831357,0,0,0.125,0,0,0.041666666666666664,0,0,0.2916666666666667,0.08333333333333333,0.6666666666666666,0,0
BC05,March,SE,28,4.9932820505452105,8.110896688599325,80.331,374.1376666666667,3.2410714285714284,2,1.0832611194075796,1.0314850354581397,0,0,368.3376666666667,0,5.8,0,0,15.51,28.551666666666666,338.961,0.006,0,0,0,26,0,2,0,0,6,5,20,1,0,0,0,0,0.015502315101482252,0,0,0.041455328831722364,0.07631326436881967,0.9059793498471597,1.6036877691188537e-5,0,0,0,0,0.07142857142857142,0,0,0.21428571428571427,0.17857142857142858,0.7142857142857143,0.03571428571428571,0
BC05,May,NW,32,9.912595659922424,14.794019492804784,123,2176.9,15.921875,4,2.645305841615844,2.0851855062940174,0,0,302.98333333333335,81.9,1429.1499999999999,362.8666666666667,0,471.2666666666666,120.4,1585.6333333333334,226.66666666666663,0,0,0,8,3,16,8,0,12,2,19,1,0,0,0,0.03762230695025036,0.6565069594377325,0.16668963510802823,0,0.21648521597991022,0.055308006798658646,0.7283905247523237,0.1041236008391137,0,0,0,0.09375,0.5,0.25,0,0.375,0.0625,0.59375,0.03125,0
BC05,May,SE,37,11.752489102887427,17.108541431035214,152.01,3072.1266666666666,14.734234234234235,5,2.355938766235619,1.7640182428418187,0.06,0,379.3333333333333,204.20000000000002,2261.1916666666666,227.34166666666664,0,794.4166666666666,329,2088.71,566.6666666666666,0,1,0,8,4,20,9,0,12,4,23,1,0,1.9530444708226005e-5,0,0.06646861349032919,0.7360346470089124,0.07400139751182133,0,0.2585885130604424,0.10709193848343927,0.6798905861086457,0.1844542000221345,0,0.02702702702702703,0,0.10810810810810811,0.5405405405405406,0.24324324324324326,0,0.32432432432432434,0.10810810810810811,0.6216216216216216,0.02702702702702703,0
BC05,July,NW,22,6.049079603014454,9.921044133102422,85.7,2107.2083333333335,19.140151515151516,4,2.421962010588467,2.154320939755472,0,0,48.233333333333334,63.33333333333333,1176,819.6416666666667,0,77,554.6666666666666,1508.2083333333333,0,0,0,0,6,2,8,10,0,1,2,20,0,0,0,0,0.03005556324520989,0.5580843533110552,0.3889703992248828,0,0.03654123741917624,0.26322345915804873,0.7157376465703043,0,0,0,0,0.09090909090909091,0.36363636363636365,0.45454545454545453,0,0.045454545454545456,0.09090909090909091,0.9090909090909091,0,0
BC05,July,SE,24,5.456940175111766,9.213740586949518,107.51,2699.725,18.586805555555557,4,2.3565783182353304,2.117077664930539,0,0,30.066666666666666,95.33333333333333,1531.25,1043.0749999999998,0,105.71666666666667,583.3333333333334,2156.008333333333,0,0,0,0,6,2,10,10,0,3,4,19,0,0,0,0,0.03531223859220229,0.567187398716536,0.38636342590449024,0,0.03915830933397538,0.2160713899872518,0.7986029441270253,0,0,0,0,0.08333333333333333,0.4166666666666667,0.4166666666666667,0,0.125,0.16666666666666666,0.7916666666666666,0,0
BC05,September,NW,27,5.983462132576928,10.281834244676958,97.602,1692.2353333333333,16.074074074074073,4,2.4913275691274297,2.1385195244615836,0.10200000000000001,0,311.9666666666667,0,309.73333333333335,1070.4333333333332,0,53.135333333333335,87,1558.1,43,0,3,0,9,0,9,14,0,7,2,19,1,0,6.027530449862569e-5,0,0,0.18303206843177447,0.6325558344327995,0,0.03139949408139845,0.05141128913118073,0.9207348229343988,0.025410177386675534,0,0.1111111111111111,0,0,0.3333333333333333,0.5185185185185185,0,0.25925925925925924,0.07407407407407407,0.7037037037037037,0.037037037037037035,0
BC05,September,SE,26,7.817468472140106,12.763404100368872,116.7,2119.866666666667,15.23076923076923,4,2.464689060015518,2.109221188929356,0.1,0,435.56666666666666,0,330.93333333333334,1353.2666666666667,0,114.93333333333334,267,1767.9333333333332,71.66666666666667,0,1,0,11,0,8,13,0,5,3,19,1,0,4.7172778162148564e-5,0,0,0.15611044719793696,0.6383734826089691,0,0.05421724636769608,0.12595131769293666,0.8339832693880117,0.03380715768287314,0,0.038461538461538464,0,0,0.3076923076923077,0.5,0,0.19230769230769232,0.11538461538461539,0.7307692307692307,0.038461538461538464,0
BC06,March,NW,23,6.854553245740719,9.879087182490053,53.24,165.70666666666665,2.550724637681159,2,1.0375430451791416,1.0121423517299228,0,0,164.70666666666665,1,0,0,0,5.073333333333333,1.51,160.13333333333333,0.5,0,0,0,22,1,0,0,0,7,3,15,1,0,0,0,0.006034760218860638,0,0,0,0.030616350177019636,0.009112487930479564,0.9663662697135501,0.003017380109430319,0,0,0,0.043478260869565216,0,0,0,0.30434782608695654,0.13043478260869565,0.6521739130434783,0.043478260869565216,0
BC06,March,SE,18,3.737541528239203,6.347689666172639,52.5,125.81180555555555,2.947723765432099,2,1.0064885364208234,1.001590939471131,0,0,125.71180555555556,0,0.1,0,0,13.905555555555555,2.1,111.90625,0.1,0,0,0,17,0,1,0,0,7,2,11,1,0,0,0,0,7.94837968968201e-4,0,0,0.11052663535152261,0.016691597348332223,0.8894733646484774,7.94837968968201e-4,0,0,0,0,0.05555555555555555,0,0,0.3888888888888889,0.1111111111111111,0.6111111111111112,0.05555555555555555,0
BC06,May,NW,24,6.182971077093195,9.876111346426121,84.6,791.8097222222221,10.367476851851851,3,2.705306416689178,2.548249608820316,0,0,106.83333333333334,0,346.15555555555557,338.8208333333333,0,91.96666666666667,11.555555555555555,699.8430555555556,104,0,0,0,6,0,10,9,0,6,2,18,1,0,0,0,0,0.43717012539839295,0.4279068870011209,0,0.11614743300771967,0.014593854093032313,0.8838525669922804,0.1313446868372908,0,0,0,0,0.4166666666666667,0.375,0,0.25,0.08333333333333333,0.75,0.041666666666666664,0
BC06,May,SE,21,6.296123279638903,9.52294354157998,70.41,850.0466666666666,9.166666666666666,3,2.9854782744733805,2.97071614413839,0,0,256,0,272,322.0466666666666,0,38.54666666666667,8,811.5,0,0,0,0,6,0,7,9,0,7,1,14,0,0,0,0,0,0.31998243233704815,0.37885763134573003,0,0.04534652999443168,0.009411248009913182,0.9546534700055683,0,0,0,0,0,0.3333333333333333,0.42857142857142855,0,0.3333333333333333,0.047619047619047616,0.6666666666666666,0,0
BC06,July,NW,21,5.341086018581554,7.91152689327165,99.31,648.665,6.031746031746032,5,2.3458606031327376,1.9134844556575408,2.8666666666666667,0,445.6666666666667,0.465,125.66666666666666,74,0,8.931666666666667,6.065,639.7333333333333,0,0,3,0,11,2,5,3,0,5,2,16,0,0,0.0044193330404240505,0,7.168569292315757e-4,0.19373122746975197,0.11408045755513246,0,0.013769305676530516,0.009349972636106466,0.9862306943234695,0,0,0.14285714285714285,0,0.09523809523809523,0.23809523809523808,0.14285714285714285,0,0.23809523809523808,0.09523809523809523,0.7619047619047619,0,0
BC06,July,SE,16,5.610383626752024,7.834235341593971,96.2,601,5.677083333333333,4,2.1835941131327377,1.715703248759657,5.833333333333333,0,446.3333333333333,0,84.5,64.33333333333333,0,6,0,595,0,0,2,0,10,0,4,2,0,3,0,13,0,0,0.009706045479755962,0,0,0.1405990016638935,0.10704381586245146,0,0.009983361064891847,0,0.9900166389351082,0,0,0.125,0,0,0.25,0.125,0,0.1875,0,0.8125,0,0
BC06,September,NW,26,8.073973016586423,12.694813403329928,111.31,891.6133333333333,7.160256410256411,5,2.4248370182786627,1.9788935826184066,0.5133333333333333,0,600.4333333333333,0,158,127.33333333333333,5.333333333333333,37.71333333333333,27,853.9,37,0,2,0,15,0,8,5,1,7,3,19,1,0,5.757353710876164e-4,0,0,0.1772068609711235,0.14281228036069446,0.005981666193118093,0.042297857068086316,0.030282185102660345,0.9577021429319137,0.04149780921475677,0,0.07692307692307693,0,0,0.3076923076923077,0.19230769230769232,0.038461538461538464,0.2692307692307692,0.11538461538461539,0.7307692307692307,0.038461538461538464,0
BC06,September,SE,23,6.163127671240005,9.25208805977546,130.021,930.6076666666665,5.978260869565218,4,1.7925585212154262,1.4347388007629585,0.024333333333333332,0,768.4166666666666,0,82.16666666666666,79.99999999999999,0,36.02433333333334,27.500999999999998,894.5833333333333,0,0,3,0,14,0,6,5,0,8,3,15,0,0,2.61477894551338e-5,0,0,0.08829356302315727,0.08596533519496043,0,0.038710548627187334,0.029551658539957584,0.9612894513728127,0,0,0.13043478260869565,0,0,0.2608695652173913,0.21739130434782608,0,0.34782608695652173,0.13043478260869565,0.6521739130434783,0,0
BC07,March,N,27,9.507363311208135,12.1750348565155,70.62,159.82,2.5617283950617282,4,1.8063906187462293,1.4445372628032995,0.5,0,131.21,20,8.11,0,0,84.00333333333333,42.85333333333333,74.15,20.34333333333333,0,1,0,19,2,5,0,0,19,9,7,3,0,0.003128519584532599,0,0.12514078338130397,0.05074458766111876,0,0,0.5256121469987068,0.26813498519167395,0.4639594543861845,0.12728903349601633,0,0.037037037037037035,0,0.07407407407407407,0.18518518518518517,0,0,0.7037037037037037,0.3333333333333333,0.25925925925925924,0.1111111111111111,0
BC07,March,S,25,6.062993280126879,7.9401528045136285,59.92,168.95666666666668,2.08,4,1.1521522619594882,1.063131970331496,0.05,0,163.78666666666666,5.01,0.11,0,0,40.35666666666667,27.546666666666667,121.48333333333333,11.776666666666667,0,1,0,20,2,2,0,0,13,8,10,4,0,2.9593386864482015e-4,0,0.02965257363821098,6.510545110186044e-4,0,0,0.2388580898455225,0.16303983269871958,0.7190206561840313,0.069702290528143307,0,0.04,0,0.08,0.08,0,0,0.52,0.32,0.4,0.16,0
BC07,May,N,16,6.847622617151305,8.717588307800895,81.1,575.2,7.75,4,2.7695319817946094,2.181396504131019,0,0,367.1666666666667,73.66666666666667,32.5,101.86666666666667,0,384.3666666666667,273.03333333333336,183.66666666666666,257.1666666666667,0,0,0,6,2,1,8,0,9,4,6,2,0,0,0,0.12807139545665275,0.056502086230876214,0.1770978210477515,0,0.6682313398238293,0.4746754751970329,0.31930922577654147,0.4470908669448308,0,0,0,0.125,0.0625,0.5,0,0.5625,0.25,0.375,0.125,0
BC07,May,S,18,7.846340467617736,9.866813434995825,66.601,371.97066666666666,6.092592592592593,4,3.476161597910776,3.1907566775954814,0,0,148.9,68.33333333333333,29.666666666666664,125.07066666666667,0,177.804,50.63333333333333,149.16666666666666,67.73333333333333,0,0,0,9,1,3,6,0,9,5,7,3,0,0,0,0.1837062420692671,0.07975539289836474,0.33623798292338464,0,0.4780054341202532,0.13612184473327646,0.4010172845170587,0.18209321165109793,0,0,0,0.05555555555555555,0.16666666666666666,0.3333333333333333,0,0.5,0.2777777777777778,0.3888888888888889,0.16666666666666666,0
BC07,July,N,16,4.224708279254345,5.665781468817522,118.71,2957.266666666667,15.59375,4,2.0827280777752626,2.0287606451164324,3.1833333333333336,0,17.96666666666667,0,1468.0583333333334,1468.0583333333334,0,2178.266666666667,1546,779,1286,0,3,0,2,0,11,11,0,9,2,7,2,0,0.0010764444644829685,0,0,0.49642406276065737,0.49642406276065737,0,0.7365810771207647,0.5227800446358123,0.2634189228792353,0.43486102031154894,0,0.1875,0,0,0.6875,0.6875,0,0.5625,0.125,0.4375,0.125,0
BC07,July,S,21,4.715600299448739,7.526914741758681,121.55,2256.09,14.65079365079365,4,1.996265126029114,1.9585635591636157,0.14333333333333334,0,3.1466666666666665,0,1301.4,951.4000000000002,0,1259.4233333333336,377.41,722.6666666666666,554,0,3,0,4,0,14,11,0,11,4,9,3,0,6.353174444872914e-5,0,0,0.5768386899458798,0.42170303489665756,0,0.5582327537169766,0.16728499306322,0.32031819061591804,0.24555757970648331,0,0.14285714285714285,0,0,0.6666666666666666,0.5238095238095238,0,0.5238095238095238,0.19047619047619047,0.42857142857142855,0.14285714285714285,0
BC07,September,N,24,8.20753089211475,11.735376774178421,113.32,984.2616666666667,6.770833333333333,4,2.8778967373716777,2.64951622685068,10.51,0,143.41833333333335,0,404.33333333333337,426,0,380.595,358.5,603.6666666666667,401,0,6,0,4,0,11,14,0,17,5,7,2,0,0.010678054785566845,0,0,0.4107986189309415,0.4328117353617009,0,0.3866807099060718,0.36423241109664267,0.6133192900939284,0.4074119856339016,0,0.25,0,0,0.4583333333333333,0.5833333333333334,0,0.7083333333333334,0.20833333333333334,0.2916666666666667,0.08333333333333333,0
BC07,September,S,26,10.271536871123363,12.79368033207038,82.8,874,8.0064102564102555,4,2.5029564007292224,2.150583514297693,0.6000000000000001,0,134.93333333333334,0,189.9,548.5666666666667,0,342.35,215.8,371.65,485.5,0,5,0,8,0,10,12,0,14,7,10,4,0,6.864988558352404e-4,0,0,0.21727688787185356,0.6276506483600306,0,0.3917048054919909,0.24691075514874145,0.4252288329519451,0.5554919908466819,0,0.19230769230769232,0,0,0.38461538461538464,0.46153846153846156,0,0.5384615384615384,0.2692307692307692,0.38461538461538464,0.15384615384615385,0
BC08,March,NW,10,2.279160422591683,3.0123674579231787,58.02,300.52000000000004,2.466666666666667,2,1.3599344880058875,1.2008879147249374,0,0,27.686666666666667,0,272.83333333333337,0,0,273.85333333333335,268.33333333333337,26.666666666666668,0,0,0,0,7,0,3,0,0,7,1,3,0,0,0,0,0,0.9078708017214606,0,0,0.9112649185855628,0.8928967567327744,0.08873508141443719,0,0,0,0,0,0.3,0,0,0.7,0.1,0.3,0,0
BC08,March,SE,13,1.6913677239863008,2.285952869043534,66.64,406.71000000000004,2.128205128205128,2,1.2408824510693648,1.118232961872555,0,0,22.776666666666667,0,383.9333333333334,0,0,384.54333333333335,383.34333333333336,22.166666666666664,0,0,0,0,8,0,5,0,0,10,2,3,0,0,0,0,0,0.9439977707293485,0,0,0.9454976109103128,0.9425471056362846,0.05450238908968715,0,0,0,0,0,0.38461538461538464,0,0,0.7692307692307693,0.15384615384615385,0.23076923076923078,0,0
BC08,May,NW,9,2.372154995023055,3.035886594235032,72.9,1414.183333333333,9.657407407407407,2,1.031770087989198,1.0099725105418813,0,0,0,0,1407.1666666666663,7.0166666666666675,0,27.51666666666667,22.333333333333336,1386.6666666666663,0,0,0,0,0,0,7,3,0,5,2,4,0,0,0,0,0,0.9950383613628596,0.004961638637140401,0,0.019457637505745373,0.015792389011325743,0.9805423624942546,0,0,0,0,0,0.7777777777777778,0.3333333333333333,0,0.5555555555555556,0.2222222222222222,0.4444444444444444,0,0
BC08,May,SE,10,3.723695770902097,4.695453667470379,79.2,1598.4,9.466666666666667,2,1.0960566141234842,1.0374629456426943,0,0,0,0,1569,29.400000000000002,0,111.9,91.66666666666667,1486.5,0,0,0,0,0,0,7,4,0,6,2,4,0,0,0,0,0,0.9816066066066066,0.018393393393393395,0,0.0700075075075075,0.057349015682349014,0.9299924924924924,0,0,0,0,0,0.7,0.4,0,0.6,0.2,0.4,0,0
BC08,July,NW,9,3.1265212411516456,4.027958649613193,83.03,764.12,6.296296296296297,4,2.88779996812936,2.683404409647952,3,0,381.4533333333333,0,189.83333333333334,189.83333333333334,0,85.38666666666667,76.33333333333334,678.7333333333333,0,0,1,0,6,0,2,2,0,5,2,4,0,0,0.003926084908129613,0,0,0.24843392835331277,0.24843392835331277,0,0.11174510111849797,0.09989704932907573,0.888254898881502,0,0,0.1111111111111111,0,0,0.2222222222222222,0.2222222222222222,0,0.5555555555555556,0.2222222222222222,0.4444444444444444,0,0
BC08,July,SE,8,2.6379820587375122,3.3112110752489787,74.11,694.8100000000001,5.708333333333333,4,3.05767910495058,3.000823215785544,3.01,0,260.46666666666664,0,215.66666666666669,215.66666666666669,0,87.81,84.66666666666667,607,0,0,2,0,4,0,2,2,0,5,2,3,0,0,0.004332119572257163,0,0,0.31039660722595624,0.31039660722595624,0,0.12637987363451877,0.121855855077887,0.8736201263654811,0,0,0.25,0,0,0.25,0.25,0,0.625,0.25,0.375,0,0
BC08,September,NW,13,2.849004055333917,3.873985645649806,85.21,570.4872222222222,4.598290598290599,3,2.2362696709061725,2.1179586950247464,0,0,280.6788888888889,0,16.666666666666668,273.14166666666665,0,57.598333333333336,51,512.8888888888889,0.35000000000000003,0,0,0,8,0,2,5,0,8,2,5,1,0,0,0,0,0.029214793982141975,0.47878665117633373,0,0.10096340652288445,0.08939726958535443,0.8990365934771157,6.135106736249815e-4,0,0,0,0,0.15384615384615385,0.38461538461538464,0,0.6153846153846154,0.15384615384615385,0.38461538461538464,0.07692307692307693,0
BC08,September,SE,8,2.9126014174585144,3.838206104201724,96.21,602.1266666666667,4.447916666666667,3,2.3258086765992627,2.111422761010153,0,0,216.34333333333333,0,34,351.7833333333333,0,109.46000000000001,96.33333333333334,492.66666666666663,0,0,0,0,5,0,1,3,0,6,2,2,0,0,0,0,0,0.05646652420863827,0.584234767878298,0,0.18178899234933957,0.15998848525780845,0.8182110076506603,0,0,0,0,0,0.125,0.375,0,0.75,0.25,0.25,0,0
BC09,March,NW,19,5.148079890513138,7.863139388457186,16.83,73.30333333333334,3.482456140350877,3,1.2253088694188454,1.106284027997854,0.04,0,69.59666666666666,0,3.6666666666666665,0,0,2.563333333333333,2.3333333333333335,70.74000000000001,0,0,1,0,17,0,1,0,0,4,1,15,0,0,5.456777772725205e-4,0,0,0.05002046291664771,0,0,0.03496885089354735,0.03183120367423037,0.9650311491064526,0,0,0.05263157894736842,0,0,0.05263157894736842,0,0,0.21052631578947367,0.05263157894736842,0.7894736842105263,0,0
BC09,March,SE,13,6.268698108071323,7.19711176010346,12.14,51.163333333333334,3.5128205128205128,2,1.006394853471542,1.0015648422317014,0.04,0,51.123333333333335,0,0,0,0,0.4,0.056666666666666664,50.763333333333335,0,0,1,0,12,0,0,0,0,2,2,11,0,0,7.818098898951072e-4,0,0,0,0,0,0.007818098898951072,0.0011075640106847351,0.992181901101049,0,0,0.07692307692307693,0,0,0,0,0,0.15384615384615385,0.15384615384615385,0.8461538461538461,0,0
BC09,May,NW,22,5.000942661584491,8.899579241269219,49.4,1031.6166666666666,10.196969696969697,3,1.4949406814945356,1.2845203753708772,0,0,123.88333333333333,0,901.7333333333333,6,0,38.86666666666667,13,992.75,780,0,0,0,12,0,10,1,0,5,1,17,1,0,0,0,0,0.8740972906602906,0.005816113866584811,0,0.03767549315798827,0.01260158004426709,0.9623245068420119,0.7560948026560254,0,0,0,0,0.45454545454545453,0.045454545454545456,0,0.22727272727272727,0.045454545454545456,0.7727272727272727,0.045454545454545456,0
BC09,May,SE,13,7.552500828088771,8.665414672471726,75.5,857.6666666666666,9.987179487179487,3,2.4690521436870227,2.1352053186546875,0,0,205.16666666666666,0,537.8333333333334,114.66666666666666,0,42,12.5,815.6666666666666,0,0,0,0,7,0,5,2,0,2,2,11,0,0,0,0,0,0.6270890011659542,0.1336960746210649,0,0.048970073843762146,0.014574426739214925,0.9510299261562378,0,0,0,0,0,0.38461538461538464,0.15384615384615385,0,0.15384615384615385,0.15384615384615385,0.8461538461538461,0,0
BC09,July,NW,21,9.276300052869368,11.999804829319636,104.61,1857.1000000000001,12.615079365079366,3,2.826119934774499,2.6966206880875823,0,0,348.68333333333334,0,853.4583333333334,654.9583333333334,0,10.733333333333334,10.666666666666666,1846.3666666666668,706.6666666666667,0,0,0,8,0,13,8,0,2,1,19,1,0,0,0,0,0.4595650925277763,0.3526780105181914,0,0.005779620555346149,0.005743722291027228,0.9942203794446538,0.38052160178055394,0,0,0,0,0.6190476190476191,0.38095238095238093,0,0.09523809523809523,0.047619047619047616,0.9047619047619048,0.047619047619047616,0
BC09,July,SE,14,6.4397808972726205,8.195830022332347,84.71,1166.6933333333334,13.005952380952381,4,2.9754064392737813,2.949389479024063,0.06,0,448.33333333333337,0,394.7166666666667,323.5833333333333,0,13,23.666666666666664,1153.6933333333334,0,0,1,0,4,0,9,5,0,1,2,13,0,0,5.1427395945235536e-5,0,0,0.33832083838083704,0.27735080341020774,0,0.011142602454801033,0.020285250622842903,0.988857397545199,0,0,0.07142857142857142,0,0,0.6428571428571429,0.35714285714285715,0,0.07142857142857142,0.14285714285714285,0.9285714285714286,0,0
BC09,September,NW,25,8.234190903235278,11.01866736953598,92.43,1406.845,11.02,4,2.226745194413256,1.9345184279598484,0.09,0,84.06666666666666,0,395.55833333333334,927.13,0,2.9283333333333337,10.938333333333333,1403.9166666666667,553.3333333333334,0,1,0,11,0,6,13,0,6,3,19,1,0,6.397293234151594e-5,0,0,0.28116696106062383,0.6590136084643298,0,0.002081489668963769,0.007775080647358688,0.9979185103310363,0.39331506550709805,0,0.04,0,0,0.24,0.52,0,0.24,0.12,0.76,0.04,0
BC09,September,SE,14,5.712551858781419,7.440013134916101,83.8,1148.0166666666667,12.55952380952381,3,2.041833008283483,1.6478239196284976,0,0,164.5333333333333,0,111.53333333333333,871.95,0,9.616666666666667,18.416666666666664,1138.4,0,0,0,0,5,0,4,9,0,2,2,12,0,0,0,0,0,0.09715306107634906,0.7595273007070165,0,0.0083767657263977,0.016042159666671503,0.9916232342736024,0,0,0,0,0,0.2857142857142857,0.6428571428571429,0,0.14285714285714285,0.14285714285714285,0.8571428571428571,0,0
BC10,March,NW,34,7.5004516629719324,12.587098377382606,57.45,235.93166666666667,3.480392156862745,3,1.1680606446160613,1.0670379688066152,1,0,228.30166666666665,0,6.63,0,0,24.316666666666666,13.948333333333332,207.78166666666667,15.266666666666666,0,1,0,27,0,6,0,0,16,9,16,5,0,0.00423851538934296,0,0,0.02810135703134382,0,0,0.10306656588418962,0.059120225489018706,0.8806857917899956,0.06470800161063585,0,0.029411764705882353,0,0,0.17647058823529413,0,0,0.47058823529411764,0.2647058823529412,0.47058823529411764,0.14705882352941177,0
BC10,March,SE,35,13.57970189608839,19.19994948930735,53.73,232.51666666666668,3.342857142857143,3,1.4018482405326607,1.2038619586918036,2.1,0,211.01666666666668,0,19.400000000000002,0,0,37.266666666666666,14.926666666666666,192.91666666666666,59.7,0,2,0,26,0,7,0,0,14,8,19,3,0,0.009031610637230306,0,0,0.0834348792201276,0,0,0.160275249086087,0.064196114973837,0.829689627983657,0.2567557881155473,0,0.05714285714285714,0,0,0.2,0,0,0.4,0.22857142857142856,0.5428571428571428,0.08571428571428572,0
BC10,May,NW,31,11.440230818808782,16.402107249010278,157.51,3414.675,19.23521505376344,4,2.55992972174544,2.2625052438311655,0,0,1306.3333333333333,61.33333333333333,1844.5375,202.47083333333333,0,340.55,221,3039.7916666666665,775.6666666666666,0,0,0,7,2,19,10,0,12,6,17,5,0,0,0,0.017961689863115325,0.5401795192807514,0.05929432034771488,0,0.09973130678615096,0.06472065423502968,0.890214051605692,0.22715680604059438,0,0,0,0.06451612903225806,0.6129032258064516,0.3225806451612903,0,0.3870967741935484,0.1935483870967742,0.5483870967741935,0.16129032258064516,0
BC10,May,SE,35,9.970451669622713,15.950114992953933,142.71,4900.275,17.99642857142857,4,1.8297334190882943,1.4310129841865273,0,0,586.5833333333334,93.33333333333331,4049.4708333333333,170.8875,0,124.86666666666666,440.68333333333334,4360.325,2468.1666666666665,0,0,0,8,1,21,12,0,10,6,23,3,0,0,0,0.01904655010858234,0.8263762407892075,0.03487304283943248,0,0.025481563109553376,0.08993032703946888,0.8898123064521889,0.5036792152821356,0,0,0,0.02857142857142857,0.6,0.34285714285714286,0,0.2857142857142857,0.17142857142857143,0.6571428571428571,0.08571428571428572,0
BC10,July,NW,26,6.165120268588059,9.628145739797644,98.72,2351.5533333333333,12.717948717948717,4,2.130842472906077,1.7419968651861455,3.52,0,447.53333333333336,0,1714.5,186,0,85.88666666666666,108.89999999999999,2243,156.56666666666666,0,3,0,14,0,9,4,0,7,6,17,5,0,0.0014968829114372628,0,0,0.7290925430849963,0.07909665384299172,0,0.03652337603796639,0.04630981507259031,0.9538376052141422,0.06658010449830325,0,0.11538461538461539,0,0,0.34615384615384615,0.15384615384615385,0,0.2692307692307692,0.23076923076923078,0.6538461538461539,0.19230769230769232,0
BC10,July,SE,27,8.055936945498527,12.689644866894774,110.1,2258.7,11.984567901234568,4,2.2648315941909907,1.9065808985285895,3.7,0,179.3,0,1532.5333333333333,543.1666666666666,0,91.03333333333333,195,2103.3333333333335,853.3333333333334,0,2,0,13,0,12,6,0,4,5,21,2,0,0.0016381104174967903,0,0,0.6785023833768687,0.2404775608388306,0,0.040303419371024635,0.08633284632753355,0.931214120216644,0.3777984386298904,0,0.07407407407407407,0,0,0.4444444444444444,0.2222222222222222,0,0.14814814814814814,0.18518518518518517,0.7777777777777778,0.07407407407407407,0
BC10,September,NW,24,4.574824474555645,7.342627463637323,102.31,1550.6933333333334,13.20138888888889,4,2.9856385965410683,2.9712076016189637,0.01,0,453.35,0,519.3333333333334,578,0,21.476666666666667,23.6,1522.85,171.33333333333331,0,1,0,13,0,6,10,0,5,6,17,4,0,6.448728310777115e-6,0,0,0.3349039569396915,0.3727364963629172,0,0.013849718835445649,0.015218998813433991,0.9820445908066928,0.11048821172464789,0,0.041666666666666664,0,0,0.25,0.4166666666666667,0,0.20833333333333334,0.25,0.7083333333333334,0.16666666666666666,0
BC10,September,SE,26,11.105032547019633,14.479272543416085,104.62,1625.225,11.602564102564102,4,2.5946955980307966,2.415778548859128,0.075,0,169.31666666666666,0,677.9999999999999,777.8333333333333,0,7.075,78.33333333333333,1561.1499999999999,533.3333333333333,0,2,0,12,0,7,12,0,4,4,20,2,0,4.6147456506022244e-5,0,0,0.417173006814441,0.478600398919124,0,0.004353243397068099,0.048198454572956566,0.960574689658355,0.32815969070949147,0,0.07692307692307693,0,0,0.2692307692307692,0.46153846153846156,0,0.15384615384615385,0.15384615384615385,0.7692307692307693,0.07692307692307693,0
BC11,March,NW,12,2.6627151877275335,3.89137338397038,52.63,179.27761904761905,1.7301587301587302,3,1.0362745859027815,1.0114450096140097,0.02,0,178.25761904761904,0,1,0,0,0.03,2,179.24761904761905,0,0,2,0,9,0,1,0,0,3,1,9,0,0,1.115588220450857e-4,0,0,0.005577941102254285,0,0,1.6733823306762854e-4,0.01115588220450857,0.9998326617669324,0,0,0.16666666666666666,0,0,0.08333333333333333,0,0,0.25,0.08333333333333333,0.75,0,0
BC11,March,SE,11,3.010296624006469,3.941125661290794,52.21,166.04333333333335,1.696969696969697,3,1.0381477214614496,1.0122402363883338,0.01,0,165.03333333333336,0,1,0,0,0.11,2,165.93333333333337,0,0,1,0,9,0,1,0,0,2,1,9,0,0,6.022524240660068e-5,0,0,0.006022524240660068,0,0,6.624776664726075e-4,0.012045048481320136,0.9993375223335275,0,0,0.09090909090909091,0,0,0.09090909090909091,0,0,0.18181818181818182,0.09090909090909091,0.8181818181818182,0,0
BC11,May,NW,16,3.4534350677676846,5.0040445319593605,95,737.0666666666667,4.979166666666667,3,1.2728464414745055,1.1118068343670582,0,0,21.666666666666668,0,698.4833333333333,16.916666666666668,0,4.7,7,732.3666666666667,0,0,0,0,3,0,11,6,0,4,1,12,0,0,0,0,0,0.9476528581765556,0.022951338639652676,0,0.0063766280752532555,0.0094971056439942109,0.9936233719247467,0,0,0,0,0,0.6875,0.375,0,0.25,0.0625,0.75,0,0
BC11,May,SE,16,5.278895411472417,7.125438519785369,98,680.1,4.666666666666667,3,1.5789465536171463,1.29717031449458,0,0,62.93333333333333,0,593.3333333333334,23.833333333333332,0,3.1333333333333333,9.333333333333334,676.9666666666667,0,0,0,0,5,0,11,3,0,3,1,13,0,0,0,0,0,0.872420722442778,0.03504386609812282,0,0.004607165612900064,0.013723472038425721,0.9953928343870999,0,0,0,0,0,0.6875,0.1875,0,0.1875,0.0625,0.8125,0,0
BC11,July,NW,14,3.352498723912437,4.40572544492667,118,1007.3333333333334,5.559523809523809,4,2.6610827703144304,2.4557521625352443,0.1,0,135.66666666666666,0,349.2333333333333,522.3333333333334,0,0.4,3.6666666666666665,1006.9333333333334,0,0,1,0,5,0,7,2,0,2,1,12,0,0,9.927200529450695e-5,0,0,0.34669093315684973,0.5185307743216413,0,3.970880211780278e-4,0.0036399735274652545,0.999602911978822,0,0,0.07142857142857142,0,0,0.5,0.14285714285714285,0,0.14285714285714285,0.07142857142857142,0.8571428571428571,0,0
BC11,July,SE,14,3.6206525626929142,5.2816851118333865,116.9,980.1333333333333,6.059523809523809,3,2.39300125610578,2.22842625435099,0,0,56.83333333333333,0,490.1333333333333,433.1666666666667,0,1.2999999999999998,7.333333333333333,978.8333333333334,0,0,0,0,4,0,9,2,0,2,1,12,0,0,0,0,0,0.5000680179567406,0.4419466739219154,0,0.0013263501564413002,0.007481975241463746,0.9986736498435588,0,0,0,0,0,0.6428571428571429,0.14285714285714285,0,0.14285714285714285,0.07142857142857142,0.8571428571428571,0,0
BC11,September,NW,15,3.5305985626245553,4.66338473930846,97.9,650.7611111111111,3.8518518518518516,4,1.84157677342246,1.4796327972017973,0.6333333333333333,0,84.82777777777777,0,38.483333333333334,526.8166666666666,0,1.9666666666666666,1,648.7944444444444,0,0,3,0,6,0,4,5,0,4,1,11,0,0,9.73219392676951e-4,0,0,0.05913588362344947,0.8095392574506773,0,0.0030221023246284266,0.001536662198963607,0.9969778976753715,0,0,0.2,0,0,0.26666666666666666,0.3333333333333333,0,0.26666666666666666,0.06666666666666667,0.7333333333333333,0,0
BC11,September,SE,13,4.680852652509257,6.548944723912187,130.1,749.4944444444444,4.05982905982906,4,1.8780835804638225,1.4993997717306642,2,0,99.82777777777777,0,45.5,602.1666666666666,0,4.666666666666666,6,744.8277777777778,0,0,1,0,5,0,5,6,0,2,1,11,0,0,0.0026684654100171228,0,0,0.06070758807788954,0.8034304605326553,0,0.0062264192900399525,0.008005396230051368,0.9937735807099601,0,0,0.07692307692307693,0,0,0.38461538461538464,0.46153846153846156,0,0.15384615384615385,0.07692307692307693,0.8461538461538461,0,0
BC12,March,NW,17,4.032386413137373,6.015950324243437,46.74,237.3361111111111,4.4526143790849675,4,1.158641100544139,1.064720907078731,0.33333333333333337,0,229.90277777777777,7,0.1,0,0,7.333333333333333,2.1666666666666665,230.00277777777777,0.1,0,1,0,14,1,1,0,0,1,1,16,1,0,0.0014044779438442904,0,0.029494036820730096,4.213433831532871e-4,0,0,0.030898514764574385,0.009129106634987887,0.9691014852354256,4.213433831532871e-4,0,0.058823529411764705,0,0.058823529411764705,0.058823529411764705,0,0,0.058823529411764705,0.058823529411764705,0.9411764705882353,0.058823529411764705,0
BC12,March,SE,14,2.8909442055581027,4.455848839068352,45.45,226.5333333333333,3.4761904761904763,3,1.2685711983639243,1.1329426783540997,0.16666666666666669,0,212.36666666666665,14,0,0,0,5.866666666666667,5.933333333333334,220.66666666666666,0,0,1,0,12,1,0,0,0,3,3,11,0,0,7.357268981753975e-4,0,0.06180105944673338,0,0,0,0.02589758681577399,0.026191877575044147,0.9741024131842261,0,0,0.07142857142857142,0,0.07142857142857142,0,0,0,0.21428571428571427,0.21428571428571427,0.7857142857142857,0,0
BC12,May,NW,24,6.168398999254567,9.930634118227632,102.51,3123.0133333333333,21.34722222222222,5,2.6932262458506138,2.390027300135317,14.666666666666666,18,308.93333333333334,0,1632.25,1149.1633333333334,0,150.89666666666668,69.23333333333333,2971.8166666666666,33,0,1,1,7,0,12,8,0,6,3,17,1,0,0.004696318939827346,0.00576366415342447,0,0.5226522674681717,0.367966195042395,0,0.04831765047432822,0.02216876008641227,0.951586288456448,0.01056671761461153,0,0.041666666666666664,0.041666666666666664,0,0.5,0.3333333333333333,0,0.25,0.125,0.7083333333333334,0.041666666666666664,0
BC12,May,SE,19,5.436651469450858,8.070892751087142,97.22,2614.365,19.473684210526315,4,2.3610473175739317,2.030878265728939,37.06666666666666,0,120.055,0,1635.2433333333333,822,0,398,139.33333333333334,2216.365,0,0,2,0,4,0,12,5,0,4,3,15,0,0,0.01417807638438652,0,0,0.6254839447947527,0.31441669391993854,0,0.15223582017048118,0.05329528712835941,0.8477641798295188,0,0,0.10526315789473684,0,0,0.631578947368421,0.2631578947368421,0,0.21052631578947367,0.15789473684210525,0.7894736842105263,0,0
BC12,July,NW,18,5.907978592900071,8.69034328494835,86.05,1007.9083333333333,11.398148148148149,4,1.5733871033082125,1.3582588132037596,2.2,0,851.2416666666667,1.8,152.66666666666666,0,0,6.7,1.9416666666666667,1001.2083333333333,0,0,1,0,13,1,3,0,0,3,2,15,0,0,0.0021827381789018513,0,0.0017858766918287874,0.1514688008995527,0,0,0.00664742990847382,0.0019264318018338308,0.9933525700915261,0,0,0.05555555555555555,0,0.05555555555555555,0.16666666666666666,0,0,0.16666666666666666,0.1111111111111111,0.8333333333333334,0,0
BC12,July,SE,16,3.8723875524962192,5.6312808945917965,50.91,634.9133333333333,10.65625,3,2.1334042917836893,2.057036305599037,0,0,314.38,9,311.53333333333336,0,0,27,23.283333333333335,607.9133333333333,0,0,0,0,11,1,4,0,0,3,3,13,0,0,0,0,0.014175163014374666,0.49067064271239125,0,0,0.042525489043124,0.036671671724224836,0.957474510956876,0,0,0,0,0.0625,0.25,0,0,0.1875,0.1875,0.8125,0,0
BC12,September,NW,20,6.90864826540096,9.576536196835443,105.22,1086.62,8.466666666666667,4,1.6496032267357543,1.3325753236706839,0.02,0,935.1999999999999,0,76.4,75,0,87.08666666666666,5.766666666666667,999.5333333333333,4,0,2,0,15,0,3,2,0,6,3,14,1,0,1.840569840422595e-5,0,0,0.07030976790414313,0.06902136901584731,0,0.08014454608480119,0.005306976373218482,0.9198554539151989,0.00368113968084519,0,0.1,0,0,0.15,0.1,0,0.3,0.15,0.7,0.05,0
BC12,September,SE,14,5.294770802431068,7.122779567993892,80.71,856.2033333333333,9.857142857142858,3,2.5082407512416647,2.1682644668337985,0,0,534.2033333333333,0,182,140,0,144.5,54.03666666666667,711.7033333333334,0,0,0,0,11,0,3,2,0,4,3,10,0,0,0,0,0,0.21256632964910985,0.16351256126854605,0,0.1687683221664636,0.0631119554934381,0.8312316778335366,0,0,0,0,0,0.21428571428571427,0.14285714285714285,0,0.2857142857142857,0.21428571428571427,0.7142857142857143,0,0
BC13,March,NW,20,4.039914008908885,6.781961917025096,44.64,142.3542857142857,2.7214285714285715,3,2.0012547674193533,2.0000162835438107,0.01,0,71.99095238095238,0,70.35333333333334,0,0,34.373333333333335,2.01,107.98095238095239,0.01,0,1,0,15,0,4,0,0,8,2,12,1,0,7.024727039177907e-5,0,0,0.494212962962963,0,0,0.24146328409334192,0.01411970134874759,0.7585367159066582,7.024727039177907e-5,0,0.05,0,0,0.2,0,0,0.4,0.1,0.6,0.05,0
BC13,March,SE,18,3.2110451727702873,5.40466519149586,32.53,127.44666666666667,2.861111111111111,3,1.9571626347241988,1.9150889922505303,0.01,0,77.16,0,50.276666666666664,0,0,11.229999999999999,1.3433333333333333,116.21666666666667,0,0,1,0,11,0,6,0,0,8,2,10,0,0,7.846419417272584e-5,0,0,0.3944918135690746,0,0,0.08811529005597112,0.01054035675053617,0.9118847099440288,0,0,0.05555555555555555,0,0,0.3333333333333333,0,0,0.4444444444444444,0.1111111111111111,0.5555555555555556,0,0
BC13,May,NW,23,7.811451241914816,11.305775270320852,100.6,975.9916666666667,10.873188405797102,4,3.311262222784307,2.9573393423784173,0,0,64.78333333333333,159.16666666666669,445.97083333333336,306.0708333333333,0,285.25,8.916666666666666,690.7416666666667,0.75,0,0,0,5,2,12,10,0,11,2,12,1,0,0,0,0.16308199352795022,0.45694123071406006,0.31359984289483345,0,0.29226683971003853,0.009136006967272603,0.7077331602899615,7.684491841631161e-4,0,0,0,0.08695652173913043,0.5217391304347826,0.43478260869565216,0,0.4782608695652174,0.08695652173913043,0.5217391304347826,0.043478260869565216,0
BC13,May,SE,21,7.451788963007883,11.077606773836505,76.8,1027.3166666666666,17.63095238095238,4,2.779989599520998,2.367448172063737,0,0,100.16666666666666,32.66666666666667,578.8416666666667,315.64166666666665,0,128.4,5.5,898.9166666666666,0,0,0,0,4,2,11,9,0,8,1,13,0,0,0,0,0.0317980499359172,0.5634500884180471,0.3072486575057999,0,0.1249858044419929,0.005353753305537079,0.8750141955580071,0,0,0,0,0.09523809523809523,0.5238095238095238,0.42857142857142855,0,0.38095238095238093,0.047619047619047616,0.6190476190476191,0,0
BC13,July,NW,19,3.9225763091505303,6.031353830940411,78.151,459.9746666666666,6.333333333333333,5,2.297993190330293,1.7057678717463436,1.2666666666666666,0,345.3666666666667,20,46.67466666666667,46.666666666666664,0,8.341333333333333,0,451.6333333333333,0,0,4,0,11,1,3,2,0,6,0,13,0,0,0.0027537748455712056,0,0.043480655456387456,0.10147225499375329,0.10145486273157073,0,0.01813433203567733,0,0.9818656679643227,0,0,0.21052631578947367,0,0.05263157894736842,0.15789473684210525,0.10526315789473684,0,0.3157894736842105,0,0.6842105263157895,0,0
BC13,July,SE,18,5.8264030825934,9.487799534068287,41.7,289.26666666666665,6.703703703703703,5,3.2602692901587633,2.7468822784497076,2.1,0,151.5,15,60.333333333333336,60.333333333333336,0,8.2,0,281.06666666666666,0,0,2,0,13,1,2,2,0,4,0,14,0,0,0.007259737266651303,0,0.05185526619036645,0.2085734040101406,0.2085734040101406,0,0.028347545517400322,0,0.9716524544825997,0,0,0.1111111111111111,0,0.05555555555555555,0.1111111111111111,0.1111111111111111,0,0.2222222222222222,0,0.7777777777777778,0,0
BC13,September,NW,21,5.985658362563298,8.83541882364024,100,425.1583333333333,3.6626984126984126,4,1.9382710606920472,1.6590253066389717,7.891666666666667,0,313.93333333333334,0,1.6666666666666667,101.66666666666667,0,34.15833333333333,0.225,391,0,0,5,0,14,0,1,2,0,9,2,12,0,0,0.01856171230325957,0,0,0.003920108194986182,0.2391265998941571,0,0.0803426174562418,5.292146063231346e-4,0.9196573825437583,0,0,0.23809523809523808,0,0,0.047619047619047616,0.09523809523809523,0,0.42857142857142855,0.09523809523809523,0.5714285714285714,0,0
BC13,September,SE,24,8.607983623336743,12.497479433840196,58,286.69166666666666,3.5659722222222223,4,1.4831101123248716,1.2134669418996342,3.825,0,259.53333333333336,0,18.333333333333336,5,0,37.69166666666667,0.725,249,0,0,5,0,16,0,2,2,0,10,2,14,0,0,0.013341859721535914,0,0,0.06394791151934426,0.017440339505275702,0,0.13147109263727003,0.002528849228264977,0.86852890736273,0,0,0.20833333333333334,0,0,0.08333333333333333,0.08333333333333333,0,0.4166666666666667,0.08333333333333333,0.5833333333333334,0,0
BC14,March,NW,18,3.362371683071267,5.073142905593943,40.833,197.94883333333334,2.9537037037037037,3,1.3013627612565817,1.1579245449449815,0.0135,0,183.37866666666667,0,14.556666666666668,0,0,10.711,0,187.23783333333336,0.5333333333333333,0,3,0,11,0,4,0,0,7,0,11,1,0,6.819944211172416e-5,0,0,0.07353752190170357,0,0,0.05410994255249463,0,0.9458900574475054,0.0026942989476236704,0,0.16666666666666666,0,0,0.2222222222222222,0,0,0.3888888888888889,0,0.6111111111111112,0.05555555555555555,0
BC14,March,SE,22,4.279574926429981,5.755337921700937,20.625,91.47216666666667,3.3257575757575757,3,1.4236232264187816,1.2507788213326014,0.0045000000000000005,0,81.13433333333334,0,10.333333333333334,0,0,1.8596666666666668,0,89.61250000000001,0.5433333333333333,0,3,0,16,0,3,0,0,7,0,15,2,0,4.9195292557116654e-5,0,0,0.11296696809411971,0,0,0.020330410161196577,0,0.9796695898388036,0.005939876064303714,0,0.13636363636363635,0,0,0.13636363636363635,0,0,0.3181818181818182,0,0.6818181818181818,0.09090909090909091,0
BC14,May,NW,21,6.78135420446103,9.37742068947343,88.6,1540.2854166666668,11.1875,4,1.6105855902403032,1.309247921124012,0.9333333333333336,0,67.66875,0,1337.75,133.93333333333334,0,264.59375,4.333333333333333,1275.6916666666668,0,0,1,0,8,0,9,5,0,8,1,13,0,0,6.059483023303312e-4,0,0,0.8685078658311433,0.08695358138440251,0,0.1717822860211243,0.0028133314036765367,0.8282177139788757,0,0,0.047619047619047616,0,0,0.42857142857142855,0.23809523809523808,0,0.38095238095238093,0.047619047619047616,0.6190476190476191,0,0
BC14,May,SE,21,6.088222782159103,8.432241765263058,61,1199.1583333333333,12.603174603174603,4,1.518697187604711,1.2481286688248905,0.9333333333333336,0,45.875,0,1069.15,83.2,0,87.83333333333333,6,1111.325,0,0,1,0,5,0,12,6,0,7,1,14,0,0,7.783236853626505e-4,0,0,0.8915836802201546,0.06938199709518482,0,0.07324581824752083,0.005003509405902751,0.9267541817524793,0,0,0.047619047619047616,0,0,0.5714285714285714,0.2857142857142857,0,0.3333333333333333,0.047619047619047616,0.6666666666666666,0,0
BC14,July,NW,16,5.106339355307259,6.712372981583996,56.71,535.6133333333333,6.802083333333333,4,2.558867299805149,2.203542266148711,0.88,0,330.56666666666666,0,108.16666666666667,96,0,7.413333333333334,5.666666666666667,528.2,0,0,3,0,8,0,5,2,0,5,1,11,0,0,0.0016429762764183116,0,0,0.20194916730975082,0.17923377560927037,0,0.01384083044982699,0.010579771476936098,0.986159169550173,0,0,0.1875,0,0,0.3125,0.125,0,0.3125,0.0625,0.6875,0,0
BC14,July,SE,19,6.626238408804097,8.211250287671177,38.65,337.18,6.526315789473684,4,2.9522852936883557,2.897205390239683,0.09,0,86.09,0,138.33333333333331,112.66666666666666,0,0.39666666666666667,0.33333333333333337,336.7833333333333,0,0,3,0,10,0,5,3,0,5,1,14,0,0,2.6691974612966365e-4,0,0,0.4102655357178163,0.3341439784882456,0,0.0011764240662751843,9.88591652332088e-4,0.9988235759337247,0,0,0.15789473684210525,0,0,0.2631578947368421,0.15789473684210525,0,0.2631578947368421,0.05263157894736842,0.7368421052631579,0,0
BC14,September,NW,17,4.860887228030886,7.407142107768602,61.1,425.9,5.2745098039215685,4,2.1873771841634264,1.8942495590100292,0.23333333333333336,0,285,0,22.166666666666664,118.5,0,27.733333333333334,6,398.16666666666663,0,0,1,0,14,0,1,2,0,7,1,10,0,0,5.478594349221258e-4,0,0,0.05204664631760194,0.2782343273068796,0,0.06511700712217267,0.014087814040854662,0.9348829928778273,0,0,0.058823529411764705,0,0,0.058823529411764705,0.11764705882352941,0,0.4117647058823529,0.058823529411764705,0.5882352941176471,0,0
BC14,September,SE,18,5.7730142725629525,8.298257609069527,57.83,364.1333333333333,6.2407407407407405,4,2.8163245556542797,2.6573269293310164,0.01333333333333333,0,179.58666666666667,0,74.66666666666666,109.86666666666666,0,0.43333333333333335,1.2000000000000002,363.7,0,0,1,0,13,0,2,4,0,4,1,14,0,0,3.6616623947272053e-05,0,0,0.20505309410472353,0.3017209813255218,0,0.0011900402782863422,0.003295496155254486,0.9988099597217136,0,0,0.05555555555555555,0,0,0.1111111111111111,0.2222222222222222,0,0.2222222222222222,0.05555555555555555,0.7777777777777778,0,0
BC15,March,NW,17,4.185825463325529,6.5473997436164435,35.32,124.32000000000001,2.2745098039215685,3,1.1446052675256302,1.0598103402878902,0.1,0,120.71000000000001,0,3.51,0,0,3.81,0.01,120.51,0.01,0,1,0,13,0,3,0,0,7,1,10,1,0,8.043758043758043e-4,0,0,0.02823359073359073,0,0,0.030646718146718144,8.043758043758043e-5,0.9693532818532818,8.043758043758043e-5,0,0.058823529411764705,0,0,0.17647058823529413,0,0,0.4117647058823529,0.058823529411764705,0.5882352941176471,0.058823529411764705,0
BC15,March,SE,19,3.8184051986163436,6.285284558226037,64.64,249.31666666666666,2.192982456140351,3,1.7571862196188761,1.4827585737303772,5.02,0,199.78666666666666,0,44.51,0,0,7.61,0.02,241.70666666666668,0.01,0,2,0,13,0,4,0,0,6,2,13,1,0,0.020135035764422753,0,0,0.1785279764690153,0,0,0.030523430710609,8.021926599371616e-5,0.9694765692893911,4.010963299685808e-5,0,0.10526315789473684,0,0,0.21052631578947367,0,0,0.3157894736842105,0.10526315789473684,0.6842105263157895,0.05263157894736842,0
BC15,May,NW,20,6.102015237771363,8.648435847938538,69.81,776.4966666666667,6.875,3,2.189583983640255,2.0548810644321693,0,0,20.2,0,437.4,318.89666666666665,0,71.89666666666666,1.5666666666666667,704.6,0,0,0,0,3,0,11,10,0,8,2,12,0,0,0,0,0,0.5632992629287955,0.4106864592679084,0,0.0925910821681999,0.0020176090045460593,0.9074089178318001,0,0,0,0,0,0.55,0.5,0,0.4,0.1,0.6,0,0
BC15,May,SE,18,6.894822059941181,9.457502823951277,64.6,730.35,7.0092592592592595,3,2.354476765379043,2.1701441909619446,0,0,40.333333333333336,0,400.26666666666665,289.75,0,39.1,1.4333333333333333,691.25,0,0,0,0,2,0,12,9,0,6,2,12,0,0,0,0,0,0.5480477396681955,0.3967275963579106,0,0.053535975901964815,0.0019625293808904405,0.9464640240980352,0,0,0,0,0,0.6666666666666666,0.5,0,0.3333333333333333,0.1111111111111111,0.6666666666666666,0,0
BC15,July,NW,15,3.3335093408362897,4.9848000977143165,80.92,1211.1883333333335,8.5,4,2.0732792997251366,1.8997524019914753,0.1816666666666667,0,23.166666666666668,0,775.82,412.02000000000004,0,16.02166666666667,10.5,1195.1666666666667,0,0,2,0,4,0,9,3,0,6,2,9,0,0,1.4999043638960635e-4,0,0,0.6405444790446847,0.3401783097316272,0,0.013228055642323723,0.008669172011509357,0.9867719443576762,0,0,0.13333333333333333,0,0,0.6,0.2,0,0.4,0.13333333333333333,0.6,0,0
BC15,July,SE,17,6.170602978526389,7.588504156721589,93.91,1090.3866666666668,7.098039215686274,4,1.905815949927033,1.6180452163499555,1.1866666666666668,0,27.2,0,822.6666666666667,239.33333333333334,0,33.86666666666667,0.16666666666666669,1056.52,0,0,3,0,6,0,8,3,0,5,1,12,0,0,0.0010882989520537057,0,0,0.7544724195698163,0.21949400212768558,0,0.03105931840692598,1.5285097641203733e-4,0.9689406815930739,0,0,0.17647058823529413,0,0,0.47058823529411764,0.17647058823529413,0,0.29411764705882354,0.058823529411764705,0.7058823529411765,0,0
BC15,September,NW,14,3.0232558139534884,4.982168916304903,65,381.375,5.970238095238095,3,2.9015575605257666,2.8036032268068367,0,0,174.70833333333334,0,103.33333333333333,103.33333333333333,0,9.333333333333334,0,372.0416666666667,0,0,0,0,12,0,2,2,0,4,0,10,0,0,0,0,0,0.2709494154921883,0.2709494154921883,0,0.0244728504315525,0,0.9755271495684475,0,0,0,0,0,0.14285714285714285,0.14285714285714285,0,0.2857142857142857,0,0.7142857142857143,0,0
BC15,September,SE,18,7.429275778750084,9.698893260312344,95.4,469.2833333333333,4.74537037037037,3,2.584011844400928,2.2706294981015507,0,0,281.6166666666667,0,99.83333333333333,87.83333333333333,0,36,1.5,433.2833333333333,0,0,0,0,15,0,3,2,0,7,1,11,0,0,0,0,0,0.21273573178960828,0.18716482579820293,0,0.07671271797421601,0.003196363248925667,0.923287282025784,0,0,0,0,0,0.16666666666666666,0.1111111111111111,0,0.3888888888888889,0.05555555555555555,0.6111111111111112,0,0
BC16,March,NW,19,3.4651349553523465,5.317148646666958,47.24,323.52333333333337,3.824561403508772,3,1.23840740138612,1.116467233561703,0.01,0,305.66333333333336,0,17.85,0,0,12.223333333333334,0.026666666666666658,311.3,17.026666666666667,0,1,0,15,0,3,0,0,7,2,12,3,0,3.090967163625498e-5,0,0,0.055173763870715146,0,0,0.03778192196338234,8.242579103001326e-5,0.9622180780366176,0.05262886757266348,0,0.05263157894736842,0,0,0.15789473684210525,0,0,0.3684210526315789,0.10526315789473684,0.631578947368421,0.15789473684210525,0
BC16,March,SE,23,5.542535409518783,7.702036312906259,37.06,234.94333333333333,4.086956521739131,3,1.1378917596158766,1.058094458837097,0.02,0,228.30666666666667,0,6.616666666666667,0,0,24.866666666666667,0.13666666666666666,210.07666666666668,7.883333333333334,0,2,0,17,0,4,0,0,10,4,13,3,0,8.512691003504392e-5,0,0,0.028162819403260365,0,0,0.10584112481023794,5.817005519061334e-4,0.8941588751897621,0.03355419037214648,0,0.08695652173913043,0,0,0.17391304347826086,0,0,0.43478260869565216,0.17391304347826086,0.5652173913043478,0.13043478260869565,0
BC16,May,NW,18,6.805370768929759,9.667942687690557,74.6,1595.6944444444443,15.737654320987655,3,2.356912349863831,2.0233130621003923,0,0,158.44444444444446,0,1035.25,402,0,178.33333333333331,0,1417.361111111111,0,0,0,0,6,0,10,6,0,5,0,13,0,0,0,0,0,0.6487770911306467,0.2519279310644965,0,0.11175907389677082,0,0.8882409261032292,0,0,0,0,0,0.5555555555555556,0.3333333333333333,0,0.2777777777777778,0,0.7222222222222222,0,0
BC16,May,SE,21,7.725228427276037,10.049786717878261,94.4,1816.4666666666667,13.984126984126984,3,2.482240187089239,2.2138011094960355,0,0,186.4,0,1067.1666666666667,562.9,0,602.4666666666666,16.233333333333334,1214,11.666666666666666,0,0,0,6,0,10,9,0,10,3,11,2,0,0,0,0,0.5874958711050758,0.3098873270451793,0,0.33166954160091017,0.008936763680405182,0.6683304583990898,0.0064227254376628615,0,0,0,0,0.47619047619047616,0.42857142857142855,0,0.47619047619047616,0.14285714285714285,0.5238095238095238,0.09523809523809523,0
BC16,July,NW,18,5.708791211914151,7.615653746430111,100.22,1493.7713333333334,10.822222222222223,4,2.3755511296975227,2.1633189943434306,0.13333333333333333,0,848.0699999999999,0,550.6513333333332,94.91666666666667,0,39.53333333333333,0,1454.2379999999998,2,0,1,0,10,0,6,3,0,4,0,14,1,0,8.925953414556534e-5,0,0,0.36863161117475807,0.06354163086987433,0,0.02646545187416012,0,0.9735345481258397,0.00133889301218348,0,0.05555555555555555,0,0,0.3333333333333333,0.16666666666666666,0,0.2222222222222222,0,0.7777777777777778,0.05555555555555555,0
BC16,July,SE,15,6.483102265732627,8.88674442953977,115.2,1747.6166666666666,10.316666666666666,4,2.244458464200014,2.1045220907654274,0.3666666666666667,0,750.9166666666667,0,940.3333333333333,56,0,360.7,46.666666666666664,1386.9166666666665,46.666666666666664,0,2,0,7,0,6,2,0,6,1,9,1,0,2.0980955014925093e-4,0,0,0.5380661281554879,0.032043640386431045,0,0.20639537656045853,0.026703033655359205,0.7936046234395414,0.026703033655359205,0,0.13333333333333333,0,0,0.4,0.13333333333333333,0,0.4,0.06666666666666667,0.6,0.06666666666666667,0
BC16,September,NW,24,7.777205287728681,10.61263878905112,102.14,560.8208333333333,4.864583333333333,4,1.2411195740273868,1.1006964279658378,0.054166666666666655,0,534.1,0,21.333333333333332,5.333333333333333,0,96.9875,1.1283333333333334,463.8333333333333,3.5099999999999993,0,4,0,16,0,3,1,0,10,3,13,2,0,9.65846192708604e-5,0,0,0.03803948082052349,0.009509870205130872,0,0.17293847559752445,0.0020119319152730004,0.8270615244024755,0.006258683328751754,0,0.16666666666666666,0,0,0.125,0.041666666666666664,0,0.4166666666666667,0.125,0.5416666666666666,0.08333333333333333,0
BC16,September,SE,21,7.865231449438551,10.412368734039902,123.4,757.0916666666667,4.496031746031746,4,1.4053902086100685,1.1744663707884602,2.0583333333333327,0,697.4,0,30.966666666666665,26.666666666666664,0,256.625,8.916666666666666,500.46666666666664,8,0,3,0,15,0,3,1,0,10,3,11,1,0,0.002718737273117521,0,0,0.04090213646520126,0.03522250718208935,0,0.338961596460138,0.011777525839011127,0.6610384035398619,0.010566752154626807,0,0.14285714285714285,0,0,0.14285714285714285,0.047619047619047616,0,0.47619047619047616,0.14285714285714285,0.5238095238095238,0.047619047619047616,0
BC17,March,N,35,5.480755106753165,10.19024170646336,82.211,483.231,4.3428571428571425,3,1.4402511302702283,1.2523346739310355,1.131,0,428.46666666666664,0,53.63333333333334,0,0,11.883333333333333,2.9166666666666665,471.34766666666667,97,0,4,0,25,0,6,0,0,12,2,23,2,0,0.0023404955394004112,0,0,0.11098901629517423,0,0,0.0245914134923739,0.006035760674846329,0.9754085865076261,0.20073215501488936,0,0.11428571428571428,0,0,0.17142857142857143,0,0,0.34285714285714286,0.05714285714285714,0.6571428571428571,0.05714285714285714,0
BC17,March,S,35,12.721606480261535,18.85240293780754,78.21,450.57,4.652380952380953,3,1.4134648406666765,1.2351966389814018,0.6,0,402.63666666666666,0,47.333333333333336,0,0,33.4,9.686666666666666,416.17,0.9,0,2,0,28,0,5,0,0,8,3,26,1,0,0.0013316465809974033,0,0,0.10505211916757293,0,0,0.07412832634218879,0.021498694246546966,0.9236522626894823,0.001997469871496105,0,0.05714285714285714,0,0,0.14285714285714285,0,0,0.22857142857142856,0.08571428571428572,0.7428571428571429,0.02857142857142857,0
BC17,May,N,31,6.245164939463992,10.356310500692205,80.08,1079.7166666666667,10.946236559139784,6,2.7322762529498723,2.1974074371306402,1.65,0,264.54999999999995,103.33333333333334,669.5833333333334,38.95,1.65,41.93333333333333,1.9000000000000001,1037.7833333333333,275.8333333333333,0,1,0,8,1,15,10,1,10,2,21,2,0,0.0015281786888535571,0,0.09570411990800057,0.6201472608554713,0.03607427874596731,0.0015281786888535571,0.03883734930460151,0.0017597209144374296,0.9611626506953984,0.25546825556087244,0,0.03225806451612903,0,0.03225806451612903,0.4838709677419355,0.3225806451612903,0.03225806451612903,0.3225806451612903,0.06451612903225806,0.6774193548387096,0.06451612903225806,0
BC17,May,S,34,14.088242107127774,18.61439415545133,143.8,2087.4666666666667,11.715686274509803,6,3.453561603630879,2.9338710796890064,11,0,565.3333333333334,310,1018.9,176.73333333333332,5.5,180.63333333333333,35.13333333333333,1878.8333333333333,0,0,1,0,10,1,15,11,1,9,4,24,0,0,0.005269545222278999,0,0.14850536535513542,0.48810360245273376,0.08466402657128257,0.0026347726111394993,0.0865323198773633,0.016830608073582012,0.9000542922841083,0,0,0.029411764705882353,0,0.029411764705882353,0.4411764705882353,0.3235294117647059,0.029411764705882353,0.2647058823529412,0.11764705882352941,0.7058823529411765,0,0
BC17,July,N,25,6.715558995866056,10.324316687496538,100.81,1222.0066666666667,11.146666666666667,5,2.293855469591122,1.785012159283897,0.6000000000000001,0,184.24,21,886.1666666666666,130,0,2.9333333333333336,2.3333333333333335,1219.0733333333333,110.16666666666667,0,1,0,11,2,10,4,0,2,1,23,2,0,4.909956846934824e-4,0,0.01718484896427188,0.7251733487542348,0.1063823983502545,0,0.0024004233473903583,0.0019094276626968757,0.9975995766526096,0.09015226321733107,0,0.04,0,0.08,0.4,0.16,0,0.08,0.04,0.92,0.08,0
BC17,July,S,30,13.029683342641865,16.917562635419838,99.21,1203.7133333333334,9.616666666666667,5,2.915807829311606,2.538355790605099,4.266666666666667,0,443.5,33.833333333333336,597.9466666666666,124.16666666666667,0,38.81333333333333,36.28,1161.9,0,0,2,0,13,2,12,4,0,6,4,23,0,0,0.003544587027919161,0,0.028107467447952724,0.4967517182939459,0.10315302092967872,0,0.03224466511960212,0.030140066571775117,0.9652630471263922,0,0,0.06666666666666667,0,0.06666666666666667,0.4,0.13333333333333333,0,0.2,0.13333333333333333,0.7666666666666667,0,0
BC17,September,N,29,5.938691930287348,9.136063518706306,116.44,1248.6916666666666,9.451149425287356,4,2.9508543142857824,2.865508359629908,1.3000000000000003,0,545.5583333333333,0,340.5,361.33333333333337,0,10.896666666666667,6.843333333333334,1237.795,57.666666666666664,0,5,0,13,0,8,9,0,7,3,22,2,0,0.001041089673858639,0,0,0.2726854107298973,0.28936954011865756,0,0.008726467035497154,0.005480402821619963,0.9912735329645029,0.046181670148088334,0,0.1724137931034483,0,0,0.27586206896551724,0.3103448275862069,0,0.2413793103448276,0.10344827586206896,0.7586206896551724,0.06896551724137931,0
BC17,September,S,32,13.602492265044571,18.229443389278117,143.9,1512.425,8.9296875,4,3.369840689615508,3.1687226765980916,63.7,0,592.5583333333333,0,418.5,437.6666666666667,0,140.86666666666667,59.5,1371.5583333333334,36.666666666666664,0,3,0,18,0,9,7,0,7,3,25,1,0,0.04211779096484124,0,0,0.2767079359307073,0.28938074064278674,0,0.09313960471869129,0.03934079375836819,0.9068603952813088,0.024243626405717086,0,0.09375,0,0,0.28125,0.21875,0,0.21875,0.09375,0.78125,0.03125,0
BC18,March,NW,17,4.522821928067071,6.348513988545635,27.611,109.41099999999999,2.7058823529411766,3,1.0147900778622494,1.0036826690188547,0.101,0,109.21,0,0.1,0,0,4.101,0.2,105.30999999999999,0.1,0,2,0,14,0,1,0,0,6,2,11,1,0,9.231247315169409e-4,0,0,9.139848826900405e-4,0,0,0.037482520039118554,0.001827969765380081,0.9625174799608814,9.139848826900405e-4,0,0.11764705882352941,0,0,0.058823529411764705,0,0,0.35294117647058826,0.11764705882352941,0.6470588235294118,0.058823529411764705,0
BC18,March,SE,16,3.02493529168436,4.5605791207086686,28.341,104.635,3.0625,3,1.087154277464165,1.0327649472196774,0.02,0,102.94833333333334,0,1.6666666666666667,0,0,18.356666666666666,0,86.27833333333334,0,0,1,0,14,0,1,0,0,3,0,13,0,0,1.9114063171978782e-4,0,0,0.015928385976648987,0,0,0.17543524314681191,0,0.8245647568531881,0,0,0.0625,0,0,0.0625,0,0,0.1875,0,0.8125,0,0
BC18,May,NW,19,6.40891156603111,8.540435263414775,55.7,1236.6833333333334,12.078947368421053,5,2.4345541266225417,1.861093305774131,6.2,0,875.6666666666666,144,182.8,28.016666666666666,0,52.983333333333334,0,1183,715,0,3,0,7,2,5,3,0,5,0,13,1,0,0.005013409522782712,0,0.11644047923882427,0.14781471947817415,0.02265468120375736,0,0.04284308836808129,0,0.9565908815245077,0.5781593239983288,0,0.15789473684210525,0,0.10526315789473684,0.2631578947368421,0.15789473684210525,0,0.2631578947368421,0,0.6842105263157895,0.05263157894736842,0
BC18,May,SE,18,4.051034081313096,6.304762236611953,27.712,393.7176666666667,12.018518518518519,5,2.0934765140392737,1.623570415861474,0.08,0,17.634333333333334,63.166666666666664,301.75,11.086666666666666,0,25.133333333333333,0,368.58433333333335,0,0,1,0,5,3,8,3,0,4,0,14,0,0,2.031912885121572e-4,0,0.1604364548877241,0.7664121413567929,0.02815892606630978,0,0.06383592980756939,0,0.9361640701924306,0,0,0.05555555555555555,0,0.16666666666666666,0.4444444444444444,0.16666666666666666,0,0.2222222222222222,0,0.7777777777777778,0,0
BC18,July,NW,22,7.257818857281172,9.941506267172736,108.211,1685.6643333333334,14.333333333333334,4,2.523608065980906,2.2481501363718666,48.001000000000005,0,60,0,870.9816666666667,706.6816666666666,0,64.03433333333334,59.3,1620.33,1.2000000000000002,0,4,0,1,0,17,11,0,8,4,13,1,0,0.02847601331463184,0,0,0.5166993507801968,0.4192303608092793,0,0.03798759460414519,0.03517900855310656,0.9612411961021105,7.118855019178394e-4,0,0.18181818181818182,0,0,0.7727272727272727,0.5,0,0.36363636363636365,0.18181818181818182,0.5909090909090909,0.045454545454545456,0
BC18,July,SE,16,4.899178453993517,7.051744695372948,56.061,991.3513333333333,11.84375,5,2.611111075620228,2.345287575601166,6.174666666666667,0,71.71000000000001,4.333333333333333,471.6333333333333,437.5,0,4.141333333333333,0,987.21,0,0,2,0,5,1,8,5,0,3,0,13,0,0,0.006228535191358328,0,0.0043711378475306765,0.47574791849778114,0.4413168019141549,0,0.004177462816747779,0,0.9958225371832523,0,0,0.125,0,0.0625,0.5,0.3125,0,0.1875,0,0.8125,0,0
BC18,September,NW,23,6.745302313255602,9.619121499747498,104.91,1374.2533333333333,11.22463768115942,5,2.9891384969186117,2.6884274835533093,14.933333333333334,4.25,693.2866666666666,0,294.725,367.05833333333334,0,110.71666666666667,30.866666666666667,1262.5366666666666,1.25,0,3,1,12,0,6,7,0,9,4,13,1,0,0.010866506903142555,0.0030925884601577585,0,0.21446191386352834,0.2670965566756251,0,0.08056496133658035,0.022460681679263406,0.9187073707904413,9.095848412228701e-4,0,0.13043478260869565,0.043478260869565216,0,0.2608695652173913,0.30434782608695654,0,0.391304347826087,0.17391304347826086,0.5652173913043478,0.043478260869565216,0
BC18,September,SE,20,3.014012792139926,5.565215695777635,54.22,740.345,11.070833333333333,5,2.993426457179186,2.917849107764895,0.6366666666666667,0.8500000000000001,199.73333333333335,0,233.33333333333334,305.7916666666667,0,7.733333333333333,0,732.6116666666667,12.791666666666666,0,2,1,12,0,2,5,0,4,0,16,1,0,8.599594333272551e-4,0.001148113379573037,0,0.31516837870632386,0.41303941630816265,0,0.010445580551409591,0,0.98955441944859035,0.01727798076122168,0,0.1,0.05,0,0.1,0.25,0,0.2,0,0.8,0.05,0
BC19,March,NW,16,4.999531359837539,8.064362212856471,25.3,103.85,3.96875,2,1.6471061972517387,1.4680062497729007,0,0,83.18333333333334,0,20.666666666666668,0,0,1,1.2,102.85,0,0,0,0,14,0,2,0,0,1,2,15,0,0,0,0,0,0.19900497512437812,0,0,0.009629272989889264,0.011555127587867116,0.9903707270101108,0,0,0,0,0,0.125,0,0,0.0625,0.125,0.9375,0,0
BC19,March,SE,14,6.445797807551767,8.898429054996633,25.2,101.73333333333333,4.023809523809524,3,1.5619495133745542,1.3493675842633681,0.45,0,86.28333333333333,0,15,0,0,0,0.2,101.73333333333333,0,0,1,0,11,0,2,0,0,0,1,14,0,0,0.004423328964613368,0,0,0.1474442988204456,0,0,0,0.0019659239842726084,1,0,0,0.07142857142857142,0,0,0.14285714285714285,0,0,0,0.07142857142857142,1,0,0
BC19,May,NW,20,8.090797519593488,11.177031638024616,122.6,1658.5666666666666,13.766666666666667,4,1.9552851444271517,1.686308131670809,4.166666666666667,0,412.9,0,1208.1666666666667,33.333333333333336,0,14.666666666666666,26.666666666666664,1643.8999999999999,0,0,1,0,10,0,9,1,0,1,2,19,0,0,0.0025122093373796655,0,0,0.7284402194666078,0.020097674699037324,0,0.008842976867576421,0.016078139759229858,0.9911570231324235,0,0,0.05,0,0,0.45,0.05,0,0.05,0.1,0.95,0,0
BC19,May,SE,16,7.072663492858932,9.645809124756074,145.5,2129.8333333333335,17.75,4,1.9445516052786158,1.7588960490162733,4.166666666666667,0,633.3333333333334,0,1475.6666666666667,16.666666666666668,0,0,12,2129.8333333333335,0,0,1,0,6,0,9,1,0,0,1,16,0,0,0.001956334611471946,0,0,0.6928554659989045,0.007825338445887784,0,0,0.005634243681039205,1,0,0,0.0625,0,0,0.5625,0.0625,0,0,0.0625,1,0,0
BC19,July,NW,19,5.680541386111678,8.274699943219394,86.7,608.2666666666667,6.947368421052632,4,2.7539442242562338,2.5819492140556677,0,0,89.61666666666666,0.65,282.5,235.5,0,0.65,3.3166666666666664,607.6166666666667,0,0,0,0,9,1,7,4,0,1,2,18,0,0,0,0,0.001068610258658483,0.4644344585708023,0.3871657167908812,0,0.001068610258658483,0.005452652345462516,0.9989313897413415,0,0,0,0,0.05263157894736842,0.3684210526315789,0.21052631578947367,0,0.05263157894736842,0.10526315789473684,0.9473684210526315,0,0
BC19,July,SE,14,5.8505514705882335,7.839312625338621,61.8,435.48333333333335,6.8809523809523805,4,3.094396120092145,3.0161552734736583,0,0,124.66666666666666,3.25,157.36666666666667,150.2,0,3.25,3.783333333333333,432.23333333333335,0,0,0,0,4,1,7,4,0,1,2,13,0,0,0,0,0.00746297217650886,0.3613609399517777,0.344904129511271,0,0.00746297217650886,0.008687665046500056,0.9925370278234912,0,0,0,0,0.07142857142857142,0.5,0.2857142857142857,0,0.07142857142857142,0.14285714285714285,0.9285714285714286,0,0
BC19,September,NW,18,7.642041318470316,9.964165612254641,89.61,589.0266666666666,6.0092592592592595,4,1.409076669169154,1.1976967647406374,0.36000000000000004,0,536.3333333333334,0,44.333333333333336,8,0,0.36000000000000004,2.6833333333333336,588.6666666666666,0,0,2,0,12,0,4,1,0,2,2,16,0,0,6.11177762183942e-4,0,0,0.07526540960228174,0.013581728048532042,0,6.11177762183942e-4,0.0045555379496117895,0.999388822237816,0,0,0.1111111111111111,0,0,0.2222222222222222,0.05555555555555555,0,0.1111111111111111,0.1111111111111111,0.8888888888888888,0,0
BC19,September,SE,14,7.91017499497141,9.347925881580773,74.2,496.48333333333335,6.583333333333333,4,2.1755171584789466,1.8362057504639562,0.35000000000000003,0,345,0,119.13333333333333,32,0,0.35000000000000003,0.8166666666666668,496.1333333333333,0,0,1,0,9,0,4,1,0,1,2,13,0,0,7.049582060492128e-4,0,0,0.2399543455637987,0.06445332169592803,0,7.049582060492128e-4,0.0016449024807814966,0.9992950417939508,0,0,0.07142857142857142,0,0,0.2857142857142857,0.07142857142857142,0,0.07142857142857142,0.14285714285714285,0.9285714285714286,0,0
BC20,March,NW,26,9.524497253225285,14.196018521498212,61.9,312.3666666666667,3.503846153846154,3,1.854381074270532,1.6593869339902532,2.4333333333333336,0,228.33333333333334,0,81.60000000000001,0,0,50.733333333333334,2.6333333333333333,261.6333333333333,18.1,0,3,0,17,0,6,0,0,10,4,16,3,0,0.007789990395902252,0,0,0.2612314587557358,0,0,0.16241596414470175,0.008430263579127094,0.8375840358552982,0.05794472308184826,0,0.11538461538461539,0,0,0.23076923076923078,0,0,0.38461538461538464,0.15384615384615385,0.6153846153846154,0.11538461538461539,0
BC20,March,SE,24,6.598951708936082,9.391069208010977,96.41,491.37333333333333,3.3194444444444446,3,2.0812892332818986,1.9775544381917152,6.066666666666666,0,289,0,196.30666666666667,0,0,11.866666666666667,3.2666666666666666,479.5066666666667,4.54,0,3,0,16,0,5,0,0,7,3,17,4,0,0.012346349008221853,0,0,0.39950614603967116,0,0,0.02415000135674165,0.006648034081350229,0.9758499986432585,0.009239410631427563,0,0.125,0,0,0.20833333333333334,0,0,0.2916666666666667,0.125,0.7083333333333334,0.16666666666666666,0
BC20,May,NW,27,5.981603714161449,8.718520556412999,78.02,1507.0333333333333,12.41358024691358,5,2.848697000480074,2.525850309515886,0.8500000000000001,0,153.76666666666668,36.666666666666664,723.35,592.4,0,630.0500000000001,4.433333333333334,876.9833333333333,0,0,1,0,7,1,10,11,0,11,4,16,0,0,5.64022030036938e-4,0,0.024330362080024773,0.47998274756143416,0.39309017716927297,0,0.41807303532326207,0.0029417619605848137,0.581926964676738,0,0,0.037037037037037035,0,0.037037037037037035,0.37037037037037035,0.4074074074074074,0,0.4074074074074074,0.14814814814814814,0.5925925925925926,0,0
BC20,May,SE,24,8.353039448528206,11.207625071581038,90.13,1210.3033333333333,10.847222222222221,5,2.9278097576593,2.507935229451765,4.26,0,164.85333333333335,29.333333333333332,654.4166666666666,357.44,0,106.62666666666667,7.02,1103.6766666666667,0.01,0,2,0,5,1,11,7,0,7,2,17,1,0,0.0035197787882376595,0,0.024236348463608295,0.5407046718315794,0.295330922551096,0,0.08809912666521616,0.005800198848222622,0.911900873334784,8.262391521684647e-6,0,0.08333333333333333,0,0.041666666666666664,0.4583333333333333,0.2916666666666667,0,0.2916666666666667,0.08333333333333333,0.7083333333333334,0.041666666666666664,0
BC20,July,NW,20,7.291368039608865,9.170459614099828,36.64,298.33,6.825,4,2.4323306360683783,2.060436616853328,0.04,0,194.41666666666669,0,53.04,50.833333333333336,0,2.6166666666666667,0.07333333333333333,295.71333333333337,0,0,2,0,12,0,6,2,0,4,1,16,0,0,1.3407971038782558e-4,0,0,0.1777896959742567,0.17039296528452832,0,0.008771047721203589,2.4581280237768023e-4,0.9912289522787966,0,0,0.1,0,0,0.3,0.1,0,0.2,0.05,0.8,0,0
BC20,July,SE,18,6.859541690433176,8.926513893802023,69.72,498.71000000000004,5.935185185185185,5,3.246462784172244,2.8716584786593073,0.01,0,163.53333333333333,33.333333333333336,232.16666666666669,69.66666666666667,0,0.7266666666666668,0.33333333333333337,497.98333333333335,0,0,1,0,10,1,5,3,0,3,1,15,0,0,2.0051733472358684e-5,0,0.06683911157452894,0.46553441211659413,0.1396937431907655,0,0.0014570926323247313,6.683911157452895e-4,0.9985429073676753,0,0,0.05555555555555555,0,0.05555555555555555,0.2777777777777778,0.16666666666666666,0,0.16666666666666666,0.05555555555555555,0.8333333333333334,0,0
BC20,September,NW,22,6.567116855022308,9.009518915035011,79.21,534.2433333333333,5.63939393939394,4,1.636948300746476,1.331478805549884,1.41,0,459.16666666666663,0,16.7,56.96666666666667,0,24.576666666666664,0.30000000000000004,509.6666666666667,0,0,2,0,16,0,2,2,0,7,1,15,0,0,0.0026392467851727988,0,0,0.031259164051337406,0.10663056160426274,0,0.046002757794513106,5.61541869185702e-4,0.9539972422054869,0,0,0.09090909090909091,0,0,0.09090909090909091,0.09090909090909091,0,0.3181818181818182,0.045454545454545456,0.6818181818181818,0,0
BC20,September,SE,22,6.774432660508609,9.395992090424354,109,639.8,4.878787878787879,4,2.031348143872928,1.6727687195200474,0.1,0,477.73333333333335,0,122,39.96666666666667,0,15.4,0.30000000000000004,624.4,0,0,1,0,17,0,2,2,0,6,1,16,0,0,1.5629884338855894e-4,0,0,0.19068458893404192,0.062467437740960724,0,0.024070021881838075,4.688965301656769e-4,0.975929978118162,0,0,0.045454545454545456,0,0,0.09090909090909091,0.09090909090909091,0,0.2727272727272727,0.045454545454545456,0.7272727272727273,0,0
