PlotNo,Month,Subplot,SR,evenness,shannon,cover,biomass,height_mean,height_max,Seedling_cover,Juvenile_cover,FlowerBud_cover,Flowering_cover,Fruiting_cover,PostFruiting_cover,Annuals_cover,ShortLived_cover,Perennials_cover,Neophytes_cover,Endangereds_cover,Seedling_SR,Juvenile_SR,FlowerBud_SR,Flowering_SR,Fruiting_SR,PostFruiting_SR,Annuals_SR,ShortLived_SR,Perennials_SR,Neophytes_SR,Endangereds_SR,Seedling_cover_propor,Juvenile_cover_propor,FlowerBud_cover_propor,Flowering_cover_propor,Fruiting_cover_propor,PostFruiting_cover_propor,Annuals_cover_propor,ShortLived_cover_propor,Perennials_cover_propor,Neophytes_cover_propor,Endangereds_cover_propor,Seedling_SR_propor,Juvenile_SR_propor,FlowerBud_SR_propor,Flowering_SR_propor,Fruiting_SR_propor,PostFruiting_SR_propor,Annuals_SR_propor,ShortLived_SR_propor,Perennials_SR_propor,Neophytes_SR_propor,Endangereds_SR_propor
BC01,March,NW,13,3.9537043066064155,5.9247680720593605,55.1,37.33333334,3,3.666666667,0,0,0,0,0,0,1.3,0.5,53.8,0,0,0,0,0,0,0,0,3,1,10,0,0,0,0,0,0,0,0,0.034821428565210456,0.01339285714046556,1.4410714283140942,0,0,0,0,0,0,0,0,0.23076923076923078,0.07692307692307693,0.7692307692307693,0,0
BC01,March,SE,14,5.43739957619989,6.82775610054927,58.61,105.35333333,2.9166666665,5.333333333,0,0,0,0,0,0,0.6,0.01,58.01,0,0,0,0,0,0,0,0,2,1,12,0,0,0,0,0,0,0,0,0.005695121179703067,9.491868632838444e-5,0.5506232993909581,0,0,0,0,0,0,0,0,0.14285714285714285,0.07142857142857142,0.8571428571428571,0,0
BC01,May,NW,16,8.645976509152666,10.707366200524023,94.001,1003.002999963,9.583333333125,26,0,0,0,54,15.001,0,12.001,1,82,0,0,0,0,0,9,5,0,6,1,10,0,0,0,0,0,0.05383832351647205,0.014956086871677727,0,0.01196506889854039,9.970059910457787e-4,0.08175449126575386,0,0,0,0,0,0.5625,0.3125,0,0.375,0.0625,0.625,0,0
BC01,May,SE,17,8.060022289444355,10.04991647006363,112.5,1104.333333307,8.313725490235294,20.66666667,0,0,0,54,24,0,7,1.5,105.5,0,0,0,0,0,11,3,0,4,2,13,0,0,0,0,0,0.048898279506146385,0.02173256866939839,0,0.006338665861907865,0.0013582855418373995,0.0955327497758971,0,0,0,0,0,0.6470588235294118,0.17647058823529413,0,0.23529411764705882,0.11764705882352941,0.7647058823529411,0,0
BC01,July,NW,14,3.580789689792607,5.141639920422365,66.01,453.4266667,14.458333332125,26,5.31,0,0,45.6,48.6,0,0.8099999999999999,0.5,65.2,5,0,3,0,0,4,5,0,3,1,11,1,0,0.011710824241206896,0,0,0.10056753020697448,0.10718381508901229,0,0.0017863969181502045,0.0011027141470062991,0.1437939247696214,0.011027141470062991,0,0.21428571428571427,0,0,0.2857142857142857,0.35714285714285715,0,0.21428571428571427,0.07142857142857142,0.7857142857142857,0.07142857142857142,0
BC01,July,SE,12,5.631981820356416,7.0633758189090985,108.5,751.33333327,11.4,20.33333333,0.5,0,0,63,63,0,0.5,0,108,0,0,1,0,0,3,3,0,1,0,11,0,0,6.654835847943397e-4,0,0,0.0838509316840868,0.0838509316840868,0,6.654835847943397e-4,0,0.1437444543155774,0,0,0.08333333333333333,0,0,0.25,0.25,0,0.08333333333333333,0,0.9166666666666666,0,0
BC01,September,NW,16,5.582098924991815,8.017042640017852,89.11,218.70999996999998,7.388888888333334,14.33333333,0.51,0,0,0,0.5,0,12.01,0.5,77.1,0,0,2,0,0,0,1,0,6,1,10,0,0,0.00233185496808539,0,0,0,0.0022861323216523434,0,0.054912898366089286,0.0022861323216523434,0.3525216039987913,0,0,0.125,0,0,0,0.0625,0,0.375,0.0625,0.625,0,0
BC01,September,SE,17,7.165694436674518,9.774366421751019,118.7,543.500000033,8.1999999994,14.33333333,0.5,0,0,9,9.1,0,6.7,0.6,112,0,0,1,0,0,1,2,0,5,2,12,0,0,9.199632014160832e-4,0,0,0.016559337625489497,0.016743330265772714,0,0.012327506898975516,0.0011039558416992999,0.20607175711720263,0,0,0.058823529411764705,0,0,0.058823529411764705,0.11764705882352941,0,0.29411764705882354,0.11764705882352941,0.7058823529411765,0,0
BC02,March,NW,23,5.080774521213318,8.104988063454954,53.921,13.853333334,3.7333333332,6,0,0,0,1.5,0,0,34.3,1.91,19.621,4.2,0,0,0,0,2,0,0,10,5,13,4,0,0,0,0,0.10827718960017915,0,0,2.475938402190763,0.13787295475756145,1.41633782476341,0.30317613088050166,0,0,0,0,0.08695652173913043,0,0,0.43478260869565216,0.21739130434782608,0.5652173913043478,0.17391304347826086,0
BC02,March,SE,21,3.3260489221441865,5.263247912677085,59.84,0.68,2.5,6,0,0,0,0.1,0,0,35.33,0.22,24.51,0.11,0,0,0,0,1,0,0,11,4,10,2,0,0,0,0,0.14705882352941177,0,0,51.95588235294117,0.32352941176470584,36.044117647058826,0.16176470588235292,0,0,0,0,0.047619047619047616,0,0,0.5238095238095238,0.19047619047619047,0.47619047619047616,0.09523809523809523,0
BC02,May,NW,19,7.998977411756112,10.993348369428443,93.6,1851.2999999,13.703703704222223,45.66666667,0,0,0,6,35,0,40.5,3.5,53.1,31,0,0,0,0,2,5,0,7,2,12,3,0,0,0,0,0.0032409658079857917,0.01890563387991712,0,0.021876519203904096,0.001890563387991712,0.028682547400674257,0.01674499000792659,0,0,0,0,0.10526315789473684,0.2631578947368421,0,0.3684210526315789,0.10526315789473684,0.631578947368421,0.15789473684210525,0
BC02,May,SE,20,7.697278394404743,11.04114514832971,112.5,1253.833333326,10.6481481485,19.66666667,0,0,0,17,43,0,55,15,57.5,3,0,0,0,0,2,6,0,10,5,10,1,0,0,0,0,0.013558420842828203,0.0342948291906831,0,0.043865479197385364,0.011963312508377826,0.04585936461544833,0.002392662501675565,0,0,0,0,0.1,0.3,0,0.5,0.25,0.5,0.05,0
BC02,July,NW,17,3.558007972576397,5.8383592847957715,83.61,736.3333333100001,21.333333332857144,56.33333333,0.5,0,0,17.5,14.5,0,12.6,13.1,71.01,65,0,1,0,0,6,4,0,5,3,12,3,0,6.790402897453747e-4,0,0,0.023766410141088115,0.019692168402615867,0,0.01711181530158344,0.017790855591328817,0.09643730194963812,0.08827523766689871,0,0.058823529411764705,0,0,0.35294117647058826,0.23529411764705882,0,0.29411764705882354,0.17647058823529413,0.7058823529411765,0.17647058823529413,0
BC02,July,SE,16,6.658209861688839,8.867433417429131,107.8,2049.200000397,23.2933333327,56.33333333,0.3,0,6,84,70,0,33.8,36,74,20,0,1,0,1,9,7,0,7,4,8,1,0,1.4639859454512968e-4,0,0.0029279718909025936,0.04099160647263631,0.034159672060530256,0,0.01649424165208461,0.01756783134541556,0.03611165332113199,0.009759906303008645,0,0.0625,0,0.0625,0.5625,0.4375,0,0.4375,0.25,0.5,0.0625,0
BC02,September,NW,20,3.064708865065998,5.681214345239057,110.13,6399.71666663,25.190476185714285,102.3333333,0.02,0,0,62,73.5,0,9.62,22,100.51,72,0,2,0,0,2,6,0,8,3,12,3,0,3.1251383524970514e-6,0,0,0.009687928892740859,0.011484883445426664,0,0.0015031915475510816,0.0034376521877467568,0.015705382790473933,0.011250498068989385,0,0.1,0,0,0.1,0.3,0,0.4,0.15,0.6,0.15,0
BC02,September,SE,20,8.253905800362064,11.48510104623597,125.6,1049,15.023809524285713,44,1.5,0,0,8.1,71.1,0,32.6,13,93,2,0,2,0,0,3,7,0,10,4,10,1,0,0.0014299332697807435,0,0,0.0077216396568160145,0.06777883698760724,0,0.03107721639656816,0.012392755004766444,0.0886558627264061,0.0019065776930409914,0,0.1,0,0,0.15,0.35,0,0.5,0.2,0.5,0.05,0
BC03,March,NW,23,3.0346795252016,5.7335462601966425,108.52,905.879999989,6.115942028956522,14,0,0,0,73.3,0,0,80.22,64.71,28.3,9.8,0,0,0,0,5,0,0,13,7,10,4,0,0,0,0,0.080915794587462,0,0,0.08855477546802458,0.07143330242502954,0.031240340884381646,0.010818209917559721,0,0,0,0,0.21739130434782608,0,0,0.5652173913043478,0.30434782608695654,0.43478260869565216,0.17391304347826086,0
BC03,March,SE,20,4.691084223966208,7.942358344515361,98.101,1016.903500013,7.41228070168421,15,0,0,0,61.5,0,0,30.501,22.5,67.6,3.5,0,0,0,0,5,0,0,9,5,11,3,0,0,0,0,0.06047771494464695,0,0,0.029993996480108566,0.02212599327243181,0.0664763175651729,0.0034418211757116153,0,0,0,0,0.25,0,0,0.45,0.25,0.55,0.15,0
BC03,May,NW,26,6.540443780566804,10.184818162081887,138.22,4417.780000606,20.902777777208332,50.33333333,0,0,0,72,23.71,0,51.22,9.01,87,38.1,0,0,0,0,10,8,0,9,3,17,4,0,0,0,0,0.01629777852000859,0.005366949009852829,0,0.011594058552706111,0.002039485895351075,0.01969314904501038,0.008624241133504545,0,0,0,0,0.38461538461538464,0.3076923076923077,0,0.34615384615384615,0.11538461538461539,0.6538461538461539,0.15384615384615385,0
BC03,May,SE,18,7.961187663545745,10.550329768257035,102.6,3093.216666707,20.287037036666668,41,0,0,0,71.5,27.1,0,18.1,8,84.5,22,0,0,0,0,8,5,0,7,3,11,2,0,0,0,0,0.02311509593542893,0.008761106291610126,0,0.0058515137962414495,0.0025863044403277124,0.02731784065096146,0.0071123372109012095,0,0,0,0,0.4444444444444444,0.2777777777777778,0,0.3888888888888889,0.16666666666666666,0.6111111111111112,0.1111111111111111,0
BC03,July,NW,22,7.434174028042448,10.301848280431846,100.61,429.87666667,8.25925925888889,24.33333333,1.41,0,0,48,62,0,25.11,23.61,75.5,44,0,6,0,0,5,5,0,9,5,13,3,0,0.003280010545634949,0,0,0.1116599334684238,0.14422741406338074,0,0.0584121026956692,0.05492272977478096,0.17563177035137495,0.10235493901272183,0,0.2727272727272727,0,0,0.22727272727272727,0.22727272727272727,0,0.4090909090909091,0.22727272727272727,0.5909090909090909,0.13636363636363635,0
BC03,July,SE,17,5.085851917361261,6.723929198794773,101.64,34.060000003,8.888888887666667,13.33333333,0.5,0,0,37,37,0,4.62,4,97.02,33,0,1,0,0,3,3,0,6,2,11,2,0,0.01467997651074457,0,0,1.0863182617950982,1.0863182617950982,0,0.13564298295927985,0.11743981208595657,2.8485026421448763,0.9688784497091417,0,0.058823529411764705,0,0,0.17647058823529413,0.17647058823529413,0,0.35294117647058826,0.11764705882352941,0.6470588235294118,0.11764705882352941,0
BC03,September,NW,23,6.427801579363776,10.516651878368863,92.8,155.3,12.19047619,18,0.6,0,0,6,6,0,19.6,16.5,73.2,38,0,2,0,0,2,2,0,8,4,15,3,0,0.00386349001931745,0,0,0.0386349001931745,0.0386349001931745,0,0.1262073406310367,0.10624597553122987,0.4713457823567289,0.2446877012234385,0,0.08695652173913043,0,0,0.08695652173913043,0.08695652173913043,0,0.34782608695652173,0.17391304347826086,0.6521739130434783,0.13043478260869565,0
BC03,September,SE,17,7.692798785032272,10.261938512428934,104.6,10.833333333,9.1666666665,10,0,0,0,0.1,0.1,0,18.6,8.5,86,19,0,0,0,0,1,1,0,8,4,9,2,0,0,0,0,0.009230769231053254,0.009230769231053254,0,1.7169230769759054,0.7846153846395266,7.938461538705798,1.7538461539001182,0,0,0,0,0.058823529411764705,0.058823529411764705,0,0.47058823529411764,0.23529411764705882,0.5294117647058824,0.11764705882352941,0
BC04,March,NW,19,5.905800445627329,7.849424512892725,59.02,1.096666667,2.3333333332499997,4.333333333,0.01,0,0,0,0,0,1.11,0.6,57.91,0,0,1,0,0,0,0,0,4,2,15,0,0,0.009118541030663058,0,0,0,0,0,1.0121580544035995,0.5471124618397835,52.80547110856976,0,0,0.05263157894736842,0,0,0,0,0,0.21052631578947367,0.10526315789473684,0.7894736842105263,0,0
BC04,March,SE,25,6.486655110868793,9.187510070873982,56.15,5.200000001,3.124999999875,4.333333333,0,0,0,0.1,0,0,0.75,0.2,55.4,0.2,0,0,0,0,1,0,0,4,2,21,1,0,0,0,0,0.019230769227071006,0,0,0.14423076920303254,0.03846153845414201,10.653846151797337,0.03846153845414201,0,0,0,0,0.04,0,0,0.16,0.08,0.84,0.04,0
BC04,May,NW,27,6.307234408081052,9.13501990826244,74.541,749.0081667530001,11.557692307846153,37.33333333,0,0,17,17.71,7.21,0,4.32,0.2,70.221,1,0,0,0,1,8,5,0,7,1,20,1,0,0,0,0.022696681764761157,0.02364460200317177,0.009626063266113408,0,0.005767627366104012,2.6701978546777834e-4,0.09375198177666431,0.0013350989273388915,0,0,0,0.037037037037037035,0.2962962962962963,0.18518518518518517,0,0.25925925925925924,0.037037037037037035,0.7407407407407407,0.037037037037037035,0
BC04,May,SE,33,9.02279282940374,14.583953581445229,100.122,1286.329666737,11.290322581,37.33333333,0.1,0,3,26.01,8.011,0,15.022,10.5,85.1,5,0,1,0,1,13,7,0,9,2,24,1,0,7.774056883385694e-5,0,0.002332217065015708,0.02022032195368619,0.006227796969280278,0,0.011678188250221988,0.008162759727554978,0.06615722407761225,0.0038870284416928466,0,0.030303030303030304,0,0.030303030303030304,0.3939393939393939,0.21212121212121213,0,0.2727272727272727,0.06060606060606061,0.7272727272727273,0.030303030303030304,0
BC04,July,NW,25,9.835287899920809,12.399196577729656,108.14,1837.493333264,14.37999999972,38.66666667,0.01,0,2,45,46.5,0,5.02,4.51,103.12,12.01,0,1,0,1,7,8,0,5,3,20,2,0,5.44219661588468e-6,0,0.0010884393231769358,0.024489884771481056,0.025306214263863758,0,0.0027319827011741088,0.00245443067376399,0.05611993150300281,0.0065360781356774995,0,0.04,0,0.04,0.28,0.32,0,0.2,0.12,0.8,0.08,0
BC04,July,SE,17,6.703222159412097,10.352104820629876,77,1237.333333367,14.088235293941176,38.66666667,0,0,0,29.5,19,0,6,6,71,1,0,0,0,0,4,5,0,1,1,16,1,0,0,0,0,0.0238415948269375,0.01535560344785805,0,0.0048491379309025424,0.0048491379309025424,0.05738146551568008,8.081896551504237e-4,0,0,0,0,0.23529411764705882,0.29411764705882354,0,0.058823529411764705,0.058823529411764705,0.9411764705882353,0.058823529411764705,0
BC04,September,NW,25,8.383341090246288,11.343018338808925,97.31,28.683333334,7.904761904857143,17,0.1,0,0,15,15,0,3.21,2.1,94.1,3,0,1,0,0,1,1,0,6,2,19,1,0,0.003486345148088638,0,0,0.5229517722132957,0.5229517722132957,0,0.11191167925364529,0.0732132481098614,3.2806507843514083,0.10459035444265914,0,0.04,0,0,0.04,0.04,0,0.24,0.08,0.76,0.04,0
BC04,September,SE,26,6.884039820166987,11.768827858569816,92.6,54.7,6.690476190571428,10.5,0.1,0,0,6,9,0,2,0.2,90.6,4,0,1,0,0,1,3,0,5,1,21,1,0,0.0018281535648994515,0,0,0.10968921389396709,0.16453382084095064,0,0.03656307129798903,0.003656307129798903,1.656307129798903,0.07312614259597806,0,0.038461538461538464,0,0,0.038461538461538464,0.11538461538461539,0,0.19230769230769232,0.038461538461538464,0.8076923076923077,0.038461538461538464,0
BC05,March,NW,24,4.3380900877024695,6.366096409441551,69.04,318.779999967,3.263888888875,7,0.52,0,0,1,0,0,16.13,3.01,49.91,0,0.30000000000000004,3,0,0,1,0,0,7,2,16,0,2,0.0016312190226922337,0,0,0.0031369596590235262,0,0,0.050599159300049476,0.009442248573660814,0.1565656565818642,0,9.410878977070581e-4,0.125,0,0,0.041666666666666664,0,0,0.2916666666666667,0.08333333333333333,0.6666666666666666,0,0.08333333333333333
BC05,March,SE,28,4.9932820505452105,8.110896688599325,80.331,370.262666671,3.375,7,0,0,0,1.2,0,0,6.71,8.51,68.621,0.001,0.1,0,0,0,2,0,0,6,5,20,1,1,0,0,0,0.003240942466031203,0,0,0.018122269955891144,0.02298368365493795,0.18533059413460598,2.700785388359336e-6,2.700785388359336e-4,0,0,0,0.07142857142857142,0,0,0.21428571428571427,0.17857142857142858,0.7142857142857143,0.03571428571428571,0.03571428571428571
BC05,May,NW,32,9.912595659922424,14.794019492804784,123,1527.216666733,16.1410256405,48,0,0,6.3,72.5,6.7,0,37.4,5.1,80.6,8,1.5,0,0,3,11,6,0,12,2,19,1,2,0,0,0.004125151419069352,0.047471980616274286,0.004387065794883279,0,0.024488994138602182,0.00333940829162757,0.052775746726506305,0.005238287516278542,9.821789093022266e-4,0,0,0.09375,0.34375,0.1875,0,0.375,0.0625,0.59375,0.03125,0.0625
BC05,May,SE,37,11.752489102887427,17.108541431035214,152.01,2658.726666641,14.085858585363637,48,0.01,0,16.2,87.4,3.3,0,40.5,21,100.51,20,0.5,1,0,4,15,7,0,12,4,23,1,1,3.7611989699692853e-6,0,0.006093142331350242,0.03287287899753155,0.001241195660089864,0,0.015232855828375604,0.007898517836935499,0.037803810847161286,0.00752239793993857,1.8805994849846426e-4,0.02702702702702703,0,0.10810810810810811,0.40540540540540543,0.1891891891891892,0,0.32432432432432434,0.10810810810810811,0.6216216216216216,0.02702702702702703,0.02702702702702703
BC05,July,NW,22,6.049079603014454,9.921044133102422,85.7,2107.208333346,19.140151515,58,0,0,2.5,58,54.2,0,3,10,73.7,0,1,0,0,2,8,10,0,1,2,20,0,3,0,0,0.0011864038123037854,0.027524568445447817,0.025721234650746067,0,0.0014236845747645423,0.0047456152492151415,0.03497518438671559,0,4.745615249215141e-4,0,0,0.09090909090909091,0.36363636363636365,0.45454545454545453,0,0.045454545454545456,0.09090909090909091,0.9090909090909091,0,0.13636363636363635
BC05,July,SE,24,5.456940175111766,9.213740586949518,107.51,2699.724999641,18.586805555416667,58,0,0,4,83.5,66.61,0,4.01,14,94.5,0,0.1,0,0,2,10,10,0,3,4,19,0,1,0,0,0.0014816323886810345,0.030929076113716595,0.024672883352510926,0,0.0014853364696527371,0.005185713360383621,0.035003565182589444,0,3.704080971702586e-5,0,0,0.08333333333333333,0.4166666666666667,0.4166666666666667,0,0.125,0.16666666666666666,0.7916666666666666,0,0.041666666666666664
BC05,September,NW,27,5.983462132576928,10.281834244676958,97.602,137.402000037,15.277777777833334,57.33333333,0.10200000000000001,0,0,12.2,59.7,0,4.202,3.2,90.4,3,1.6,3,0,0,5,10,0,7,2,19,1,3,7.423472727655577e-4,0,0,0.08879055615431179,0.4344914920010176,0,0.030581796472165426,0.023289326204409655,0.6579234652745727,0.021833743316634048,0.011644663102204827,0.1111111111111111,0,0,0.18518518518518517,0.37037037037037035,0,0.25925925925925924,0.07407407407407407,0.7037037037037037,0.037037037037037035,0.1111111111111111
BC05,September,SE,26,7.817468472140106,12.763404100368872,116.7,94.766666667,11.41666666675,25,0.1,0,0,11.2,61.2,0,8.2,10,99.5,5,3,1,0,0,4,9,0,5,3,19,1,1,0.0010552233556065593,0,0,0.11818501582793463,0.6457966936312143,0,0.08652831515973786,0.10552233556065592,1.0499472388285265,0.05276116778032796,0.03165670066819678,0.038461538461538464,0,0,0.15384615384615385,0.34615384615384615,0,0.19230769230769232,0.11538461538461539,0.7307692307692307,0.038461538461538464,0.038461538461538464
BC06,March,NW,23,6.854553245740719,9.879087182490053,53.24,20.486666663,1.7666666666,6,0,0,0.5,0,0,0,3.64,1.51,49.1,0.5,0,0,0,1,0,0,0,7,3,15,1,0,0,0,0.02440611780456341,0,0,0,0.17767653761722163,0.0737064757697815,2.396680768408127,0.02440611780456341,0,0,0,0.043478260869565216,0,0,0,0.30434782608695654,0.13043478260869565,0.6521739130434783,0.043478260869565216,0
BC06,March,SE,18,3.737541528239203,6.347689666172639,52.5,32.1,3,6,0,0,0,0.1,0,0,9.2,1.1,43.3,0.1,0,0,0,0,1,0,0,7,2,11,1,0,0,0,0,0.003115264797507788,0,0,0.2866043613707165,0.034267912772585674,1.348909657320872,0.003115264797507788,0,0,0,0,0.05555555555555555,0,0,0.3888888888888889,0.1111111111111111,0.6111111111111112,0.05555555555555555,0
BC06,May,NW,24,6.182971077093195,9.876111346426121,84.6,787.566666632,10.67424242409091,52,0,0,0,34.6,29.4,0,9.3,1.5,75.3,2,0,0,0,0,8,8,0,6,2,18,1,0,0,0,0,0.04393278876055742,0.03733017310868174,0,0.011808524146623816,0.0019046006688102927,0.0956109535742767,0.002539467558413724,0,0,0,0,0.3333333333333333,0.3333333333333333,0,0.25,0.08333333333333333,0.75,0.041666666666666664,0
BC06,May,SE,21,6.296123279638903,9.52294354157998,70.41,850.046666606,9.166666666666666,24.33333333,0,0,0,23.5,20.11,0,6.11,1,64.3,0,0,0,0,0,5,8,0,7,1,14,0,0,0,0,0,0.027645541031092992,0.023657524686607662,0,0.007187840668084178,0.0011764060013231062,0.07564290588507572,0,0,0,0,0,0.23809523809523808,0.38095238095238093,0,0.3333333333333333,0.047619047619047616,0.6666666666666666,0,0
BC06,July,NW,21,5.341086018581554,7.91152689327165,99.31,648.6650000440001,6.031746031571428,11.33333333,1.2,0,0.11,41,33,0,2.21,1.01,97.1,0,0,3,0,2,5,3,0,5,2,16,0,0,0.0018499533656334193,0,1.6957905851639678e-4,0.06320673999247516,0.05087371755491903,0,0.0034069974483748803,0.0015570440827414613,0.1496920598358375,0,0,0.14285714285714285,0,0.09523809523809523,0.23809523809523808,0.14285714285714285,0,0.23809523809523808,0.09523809523809523,0.7619047619047619,0,0
BC06,July,SE,16,5.610383626752024,7.834235341593971,96.2,601.000000003,5.677083333375,10,2.5,0,0,25.1,22,0,2.6,0,93.6,0,0,2,0,0,4,2,0,3,0,13,0,0,0.0041597337770175056,0,0,0.04176372712125576,0.03660565723775405,0,0.004326123128098206,0,0.15574043261153542,0,0,0.125,0,0,0.25,0.125,0,0.1875,0,0.8125,0,0
BC06,September,NW,26,8.073973016586423,12.694813403329928,111.31,142.4,8.999999999625,12.33333333,0,0,0,14,9,1,6.71,4,104.6,3,0,0,0,0,6,3,1,7,3,19,1,0,0,0,0,0.09831460674157302,0.06320224719101124,0.007022471910112359,0.04712078651685393,0.028089887640449437,0.7345505617977527,0.021067415730337078,0,0,0,0,0.23076923076923078,0.11538461538461539,0.038461538461538464,0.2692307692307692,0.11538461538461539,0.7307692307692307,0.038461538461538464,0
BC06,September,SE,23,6.163127671240005,9.25208805977546,130.021,102.001000003,5.3333333335,9.666666667,0.001,0,0,6.5,6,0,9.021,4.501,121,0,0,1,0,0,4,3,0,8,3,15,0,0,9.803825452403295e-6,0,0,0.06372486544062142,0.05882295271441977,0,0.08844030940613014,0.044127018361267235,1.1862628797407988,0,0,0.043478260869565216,0,0,0.17391304347826086,0.13043478260869565,0,0.34782608695652173,0.13043478260869565,0.6521739130434783,0,0
BC07,March,N,27,9.507363311208135,12.1750348565155,70.62,142.18666667,2.3550724637826086,7,0.5,0,0,5.11,0,0,51.82,24.12,17.8,8.01,1,1,0,0,5,0,0,19,9,7,3,1,0.0035165041259490695,0,0,0.03593867216719949,0,0,0.3644504876133616,0.1696361590357831,0.1251875468837869,0.05633439609770409,0.007033008251898139,0.037037037037037035,0,0,0.18518518518518517,0,0,0.7037037037037037,0.3333333333333333,0.25925925925925924,0.1111111111111111,0.037037037037037035
BC07,March,S,25,6.062993280126879,7.9401528045136285,59.92,168.956666674,2.08,5.666666667,0.05,0,0,0.11,0,0,26.12,19.53,29.7,9.11,0,1,0,0,2,0,0,13,8,10,4,0,2.959338686319756e-4,0,0,6.510545109903463e-4,0,0,0.15459585297334405,0.11559176908764968,0.1757847179673935,0.05391915086474595,0,0.04,0,0,0.08,0,0,0.52,0.32,0.4,0.16,0
BC07,May,N,16,6.847622617151305,8.717588307800895,81.1,328.5,10.1666666675,17,0,0,15,15,16.5,0,42.6,18.6,38,15.5,0,0,0,1,1,3,0,9,4,6,2,0,0,0,0.045662100456621,0.045662100456621,0.0502283105022831,0,0.12968036529680366,0.05662100456621005,0.1156773211567732,0.0471841704718417,0,0,0,0.0625,0.0625,0.1875,0,0.5625,0.25,0.375,0.125,0
BC07,May,S,18,7.846340467617736,9.866813434995825,66.601,39.73333333,4.388888888833334,10,0,0,0,13,10,0,38.901,4.6,24.5,10.7,0,0,0,0,3,1,0,9,5,7,3,0,0,0,0,0.3271812080811394,0.2516778523701072,0,0.9790520135049541,0.1157718120902493,0.6166107383067626,0.2692953020360147,0,0,0,0,0.16666666666666666,0.05555555555555555,0,0.5,0.2777777777777778,0.3888888888888889,0.16666666666666666,0
BC07,July,N,16,4.224708279254345,5.665781468817522,118.71,2957.2666667,15.593750000250001,51,0.61,0,0,115,115,0,76.21,36,42.5,32,0.3,3,0,0,11,11,0,9,2,7,2,1,2.062715570661391e-4,0,0,0.038887260758370484,0.038887260758370484,0,0.025770418629525345,0.012173403367837718,0.014371378975919528,0.010820802993633527,1.0144502806531432e-4,0.1875,0,0,0.6875,0.6875,0,0.5625,0.125,0.4375,0.125,0.0625
BC07,July,S,21,4.715600299448739,7.526914741758681,121.55,2256.0799996700002,15.333333334,51,0.03,0,0,120.3,97.3,0,61.35,8.11,54.2,26,0,3,0,0,14,11,0,11,4,9,3,0,1.3297400803335049e-5,0,0,0.05332257722137355,0.04312790327215001,0,0.027193184642820178,0.0035947306838349084,0.02402397078469199,0.011524414029557043,0,0.14285714285714285,0,0,0.6666666666666666,0.5238095238095238,0,0.5238095238095238,0.19047619047619047,0.42857142857142855,0.14285714285714285,0
BC07,September,N,24,8.20753089211475,11.735376774178421,113.32,437.259999996,6.893939394272727,33.66666667,5.01,0,0,41,46.3,0,46.32,28.5,67,23,1,3,0,0,7,9,0,17,5,7,2,1,0.01145771394604087,0,0,0.09376572291171172,0.10588665782468908,0,0.1059323972017192,0.06517861226789717,0.153226913050846,0.05260028358461877,0.002286968851505164,0.125,0,0,0.2916666666666667,0.375,0,0.7083333333333334,0.20833333333333334,0.2916666666666667,0.08333333333333333,0.041666666666666664
BC07,September,S,26,10.271536871123363,12.79368033207038,82.8,581.73333333,9.583333333583333,30.5,0.2,0,0,25.8,29.8,0,18.7,16.7,53.1,34.5,0,2,0,0,6,7,0,14,7,10,4,0,3.4380013752202497e-4,0,0,0.04435021774034122,0.05122622049078172,0,0.03214531285830933,0.028707311483089082,0.09127893651209763,0.059305523722549304,0,0.07692307692307693,0,0,0.23076923076923078,0.2692307692307692,0,0.5384615384615384,0.2692307692307692,0.38461538461538464,0.15384615384615385,0
BC08,March,NW,10,2.279160422591683,3.0123674579231787,58.02,300.509999967,2.629629629666667,7.666666667,0,0,0,1,0,0,37.02,35,21,0,0,0,0,0,2,0,0,7,1,3,0,0,0,0,0,0.0033276762840165498,0,0,0.12319057603429268,0.11646866994057924,0.06988120196434754,0,0,0,0,0,0.2,0,0,0.7,0.1,0.3,0,0
BC08,March,SE,13,1.6913677239863008,2.285952869043534,66.64,406.709999963,2.1282051282307695,7.666666667,0,0,0,0.53,0,0,51.14,50.01,15.5,0,0,0,0,0,4,0,0,10,2,3,0,0,0,0,0,0.001303139829480997,0,0,0.12574069977293995,0.12296230730631065,0.03811069312633104,0,0,0,0,0,0.3076923076923077,0,0,0.7692307692307693,0.15384615384615385,0.23076923076923078,0,0
BC08,May,NW,9,2.372154995023055,3.035886594235032,72.9,1413.533333693,10.458333333375,42.66666667,0,0,0,71,0.4,0,5.4,4,67.5,0,0,0,0,0,5,2,0,5,2,4,0,0,0,0,0,0.05022874120308522,2.829788236793534e-4,0,0.0038202141196712705,0.0028297882367935333,0.04775267649589088,0,0,0,0,0,0.5555555555555556,0.2222222222222222,0,0.5555555555555556,0.2222222222222222,0.4444444444444444,0,0
BC08,May,SE,10,3.723695770902097,4.695453667470379,79.2,1598.400000039,9.4666666667,42.66666667,0,0,0,70.5,0.7,0,20.7,15,58.5,0,0,0,0,0,5,3,0,6,2,4,0,0,0,0,0,0.04410660660553044,4.379379379272525e-4,0,0.012950450450134468,0.009384384384155411,0.036599099098206106,0,0,0,0,0,0.5,0.3,0,0.6,0.2,0.4,0,0
BC08,July,NW,9,3.1265212411516456,4.027958649613193,83.03,746.12000003,6.333333333,10.33333333,0,0,0,0,0,0,15.02,10,68.01,0,0,0,0,0,0,0,0,5,2,4,0,0,0,0,0,0,0,0,0.020130810056554007,0.013402669811287621,0.09115155738656712,0,0,0,0,0,0,0,0,0.5555555555555556,0.2222222222222222,0.4444444444444444,0,0
BC08,July,SE,8,2.6379820587375122,3.3112110752489787,74.11,676.8099999359999,5.666666666285714,10.33333333,0.01,0,0,0,0,0,14.06,11,60.05,0,0,1,0,0,0,0,0,5,2,3,0,0,1.4775195403356353e-5,0,0,0,0,0,0.02077392473711903,0.016252714943691987,0.0887250483971549,0,0,0.125,0,0,0,0,0,0.625,0.25,0.375,0,0
BC08,September,NW,13,2.849004055333917,3.873985645649806,85.21,562.033333303,4.5333333333,8,0,0,0,6,46.1,0,11.71,9,73.5,0.1,0,0,0,0,2,4,0,8,2,5,1,0,0,0,0,0.010675523397764945,0.08202360477282733,0,0.02083506316463792,0.016013285096647418,0.13077516162262057,1.779253899627491e-4,0,0,0,0,0.15384615384615385,0.3076923076923077,0,0.6153846153846154,0.15384615384615385,0.38461538461538464,0.07692307692307693,0
BC08,September,SE,8,2.9126014174585144,3.838206104201724,96.21,602.31000003,4.5625,8,0,0,0,12,62,0,24.21,17,72,0,0,0,0,0,1,2,0,6,2,2,0,0,0,0,0,0.019923295312052433,0.10293702577893758,0,0.04019524829206579,0.028224668358740948,0.11953977187231461,0,0,0,0,0,0.125,0.25,0,0.75,0.25,0.25,0,0
BC09,March,NW,19,5.148079890513138,7.863139388457186,16.83,15.110000001,2.714285714142857,5,0,0,0,1,0,0,0.82,1,16.01,0,0,0,0,0,1,0,0,4,1,15,0,0,0,0,0,0.06618133685862466,0,0,0.054268696224072224,0.06618133685862466,1.059563203106581,0,0,0,0,0,0.05263157894736842,0,0,0.21052631578947367,0.05263157894736842,0.7894736842105263,0,0
BC09,March,SE,13,6.268698108071323,7.19711176010346,12.14,0.7,2.333333333,3.333333333,0,0,0,0,0,0,0.11,0.02,12.03,0,0,0,0,0,0,0,0,2,2,11,0,0,0,0,0,0,0,0,0.15714285714285717,0.028571428571428574,17.185714285714287,0,0,0,0,0,0,0,0,0.15384615384615385,0.15384615384615385,0.8461538461538461,0,0
BC09,May,NW,22,5.000942661584491,8.899579241269219,49.4,893.81666667,10.371794871538462,39,0,0,0,23.5,0,0,2.8,2,46.6,20,0,0,0,0,5,0,0,5,1,17,1,0,0,0,0,0.02629174513779376,0,0,0.0031326334632264907,0.0022375953308760646,0.05213597120941231,0.02237595330876065,0,0,0,0,0.22727272727272727,0,0,0.22727272727272727,0.045454545454545456,0.7727272727272727,0.045454545454545456,0
BC09,May,SE,13,7.552500828088771,8.665414672471726,75.5,130.00000001,10.083333332499999,21.33333333,0,0,0,0,10,0,4,2,71.5,0,0,0,0,0,0,1,0,2,2,11,0,0,0,0,0,0,0.07692307691715976,0,0.030769230766863904,0.015384615383431952,0.5499999999576922,0,0,0,0,0,0,0.07692307692307693,0,0.15384615384615385,0.15384615384615385,0.8461538461538461,0,0
BC09,July,NW,22,9.276300052869368,11.999804829319636,104.61,1857.100000073,12.632575757409091,35.33333333,0,0,0,70.41,56,0,1.4,2,103.21,20,0,0,0,0,13,8,0,2,1,19,1,0,0,0,0,0.0379139518589372,0.030154542026707618,0,7.538635506676904e-4,0.001076947929525272,0.055575897903151664,0.01076947929525272,0,0,0,0,0.5909090909090909,0.36363636363636365,0,0.09090909090909091,0.045454545454545456,0.8636363636363636,0.045454545454545456,0
BC09,July,SE,14,6.4397808972726205,8.195830022332347,84.71,1166.693333333,13.005952381142857,24.66666667,0.01,0,0,47.2,41,0,1,3,83.71,0,0,1,0,0,9,5,0,1,2,13,0,0,8.571232657541705e-6,0,0,0.04045621814359685,0.03514205389592099,0,8.571232657541705e-4,0.0025713697972625112,0.0717497885762816,0,0,0.07142857142857142,0,0,0.6428571428571429,0.35714285714285715,0,0.07142857142857142,0.14285714285714285,0.9285714285714286,0,0
BC09,September,NW,25,8.234190903235278,11.01866736953598,92.43,1406.75499998,11.104166666666666,27.66666667,0,0,0,39.01,81.52,0,0.73,2.02,91.7,20,0,0,0,0,6,13,0,6,3,19,1,0,0,0,0,0.02773048611915693,0.05794896766043765,0,5.189247594715344e-4,0.0014359287864828762,0.06518548005964343,0.014217116697850259,0,0,0,0,0.24,0.52,0,0.24,0.12,0.76,0.04,0
BC09,September,SE,14,5.712551858781419,7.440013134916101,83.8,1148.016666637,12.559523809,21.33333333,0,0,0,19.1,69.6,0,0.7,2.5,83.1,0,0,0,0,0,4,9,0,2,2,12,0,0,0,0,0,0.016637389120796948,0.06062629752918677,0,6.097472452648095e-4,0.0021776687330886057,0.07238570868786524,0,0,0,0,0,0.2857142857142857,0.6428571428571429,0,0.14285714285714285,0.14285714285714285,0.8571428571428571,0,0
BC10,March,NW,34,7.4747936643600985,12.483807009239323,57.351,227.771666669,3.5555555555757574,10,0,0,0,1.611,0,0,7.131,4.61,48.72,4.01,0,0,0,0,6,0,0,16,9,16,5,0,0,0,0,0.007072872686755727,0,0,0.03130766922982935,0.020239567402820548,0.21389842166278028,0.017605350387269066,0,0,0,0,0.17647058823529413,0,0,0.47058823529411764,0.2647058823529412,0.47058823529411764,0.14705882352941177,0
BC10,March,SE,35,13.57970189608839,19.19994948930735,53.73,231.766666666,3.342857142857143,10,0.1,0,0,6.03,0,0,12.43,4.21,39.8,6.6,2.2,1,0,0,7,0,0,14,8,19,3,2,4.314684308943808e-4,0,0,0.02601754638293116,0,0,0.053631525960171525,0.018164820940653432,0.17172443549596353,0.02847691643902913,0.009492305479676378,0.02857142857142857,0,0,0.2,0,0,0.4,0.22857142857142856,0.5428571428571428,0.08571428571428572,0.05714285714285714
BC10,May,NW,31,11.440230818808782,16.402107249010278,157.51,3349.550000043,19.1527777782,81.5,0,0,4,52.31,17.21,0,22.01,14.5,133,25,0,0,0,2,16,9,0,12,6,17,5,0,0,0,0.0011941902643485393,0.015617023182018023,0.0051380036123595905,0,0.006571031929577837,0.004328939708263454,0.03970682628958893,0.0074636891521783705,0,0,0,0.06451612903225806,0.5161290322580645,0.2903225806451613,0,0.3870967741935484,0.1935483870967742,0.5483870967741935,0.16129032258064516,0
BC10,May,SE,35,9.970451669622713,15.950114992953933,142.71,4791.733333353,17.88725490235294,81.5,0,0,8,72.4,17.11,0,7.91,24.51,113.8,31.5,6,0,0,1,18,11,0,10,6,23,3,2,0,0,0.0016695419889741706,0.015109355000216247,0.0035707329289185077,0,0.0016507596415982113,0.005115059268719616,0.02374923479315758,0.006573821581585797,0.0012521564917306281,0,0,0.02857142857142857,0.5142857142857142,0.3142857142857143,0,0.2857142857142857,0.17142857142857143,0.6571428571428571,0.08571428571428572,0.05714285714285714
BC10,July,NW,26,6.165120268588059,9.628145739797644,98.72,2090.219999997,11.73333333332,31.33333333,0.52,0,0,70.5,18.5,0,6.22,8.1,90.5,10.1,0,3,0,0,9,4,0,7,6,17,5,0,2.487776406314868e-4,0,0,0.0337285070471535,0.00885074298400482,0,0.002975763316784323,0.003875190171375083,0.043296877840672224,0.004832027250726956,0,0.11538461538461539,0,0,0.34615384615384615,0.15384615384615385,0,0.2692307692307692,0.23076923076923078,0.6538461538461539,0.19230769230769232,0
BC10,July,SE,27,8.055936945498527,12.689644866894774,110.1,2258.70000006,11.984567901111111,31.33333333,0.7,0,0,86.1,45,0,6.7,15,99.4,30,6,2,0,0,12,6,0,4,5,21,2,2,3.099127816803494e-4,0,0,0.038119272146682974,0.01992296453659389,0,0.0029663080532262016,0.00664098817886463,0.04400761499860962,0.01328197635772926,0.002656395271545852,0.07407407407407407,0,0,0.4444444444444444,0.2222222222222222,0,0.14814814814814814,0.18518518518518517,0.7777777777777778,0.07407407407407407,0.07407407407407407
BC10,September,NW,24,4.574824474555645,7.342627463637323,102.31,1550.693333277,13.201388889208333,37.66666667,0.01,0,0,32.5,40.5,0,3.11,3.3,98.6,8,0,1,0,0,3,6,0,5,6,17,4,0,6.448728311011384e-6,0,0,0.020958367010786995,0.0261173496595961,0,0.00200555450472454,0.0021280803426337565,0.06358446114657224,0.005158982648809107,0,0.041666666666666664,0,0,0.125,0.25,0,0.20833333333333334,0.25,0.7083333333333334,0.16666666666666666,0
BC10,September,SE,26,11.105032547019633,14.479272543416085,104.62,1625.225000027,11.602564102576922,45,0.02,0,0,37,53.1,0,2.12,12,94.5,16,12,2,0,0,4,8,0,4,4,20,2,2,1.2305988401401491e-5,0,0,0.022766078542592758,0.03267239920572096,0,0.001304434770548558,0.007383593040840894,0.058145795196622045,0.009844790721121193,0.007383593040840894,0.07692307692307693,0,0,0.15384615384615385,0.3076923076923077,0,0.15384615384615385,0.15384615384615385,0.7692307692307693,0.07692307692307693,0.07692307692307693
BC11,March,NW,12,2.6627151877275335,3.89137338397038,52.63,0.2,2,2,0.01,0,0,0,0,0,0.03,2,52.6,0,0,1,0,0,0,0,0,3,1,9,0,0,0.049999999999999996,0,0,0,0,0,0.15,10,263,0,0,0.08333333333333333,0,0,0,0,0,0.25,0.08333333333333333,0.75,0,0
BC11,March,SE,11,3.010296624006469,3.941125661290794,52.21,1.5,1.5,2,0,0,0,0,0,0,0.11,2,52.1,0,0,0,0,0,0,0,0,2,1,9,0,0,0,0,0,0,0,0,0.07333333333333333,1.3333333333333333,34.733333333333334,0,0,0,0,0,0,0,0,0.18181818181818182,0.09090909090909091,0.8181818181818182,0,0
BC11,May,NW,16,3.4534350677676846,5.0040445319593605,95,10.999999999,5.6000000002,9.666666667,0,0,0,1.2,1.1,0,1.8,3,93.2,0,0,0,0,0,3,3,0,4,1,12,0,0,0,0,0,0.10909090910082644,0.10000000000909091,0,0.16363636365123968,0.2727272727520661,8.47272727349752,0,0,0,0,0,0.1875,0.1875,0,0.25,0.0625,0.75,0,0
BC11,May,SE,16,5.278895411472417,7.125438519785369,98,23.766666671000003,4.6,9,0,0,0,0.4,0,0,1.7,4,96.3,0,0,0,0,0,3,0,0,3,1,13,0,0,0,0,0,0.016830294527085638,0,0,0.07152875174011396,0.16830294527085637,4.051893407395867,0,0,0,0,0,0.1875,0,0,0.1875,0.0625,0.8125,0,0
BC11,July,NW,14,3.346883762024293,4.381584852237658,117.901,1007.2343333639999,5.559523809285714,13.5,0.001,0,0,43.3,52,0,0.101,1,117.8,0,0,1,0,0,7,2,0,2,1,12,0,0,9.92817626321535e-7,0,0,0.04298900321972246,0.05162651656871982,0,1.0027458025847504e-4,9.92817626321535e-4,0.11695391638067681,0,0,0.07142857142857142,0,0,0.5,0.14285714285714285,0,0.14285714285714285,0.07142857142857142,0.8571428571428571,0,0
BC11,July,SE,14,3.6206525626929142,5.2816851118333865,116.9,980.13333331,6.059523809285714,13.5,0,0,0,68.4,47,0,0.4,2,116.5,0,0,0,0,0,9,2,0,2,1,12,0,0,0,0,0,0.06978642361749594,0.04795265950325013,0,4.0810774045319263e-4,0.002040538702265963,0.11886137940699235,0,0,0,0,0,0.6428571428571429,0.14285714285714285,0,0.14285714285714285,0.07142857142857142,0.8571428571428571,0,0
BC11,September,NW,15,3.5305985626245553,4.66338473930846,97.9,1.933333333,2.888888889,5,0.2,0,0,3.5,73.5,0,1,0.5,96.9,0,0,2,0,0,2,4,0,4,1,11,0,0,0.10344827587990488,0,0,1.8103448278983354,38.01724138586504,0,0.5172413793995244,0.2586206896997622,50.12068966381391,0,0,0.13333333333333333,0,0,0.13333333333333333,0.26666666666666666,0,0.26666666666666666,0.06666666666666667,0.7333333333333333,0,0
BC11,September,SE,13,4.680852652509257,6.548944723912187,130.1,16.666666667,3,4.666666667,0,0,0,21,101,0,4,3,126.1,0,0,0,0,0,3,5,0,2,1,11,0,0,0,0,0,1.2599999999748,6.0599999998788,0,0.23999999999519997,0.17999999999639998,7.565999999848679,0,0,0,0,0,0.23076923076923078,0.38461538461538464,0,0.15384615384615385,0.07692307692307693,0.8461538461538461,0,0
BC12,March,NW,17,4.032386413137373,6.015950324243437,46.74,212.766666703,4.238095238071429,10,0.1,0,3,0.01,0,0,2,0.5,44.74,0.01,0,1,0,1,1,0,0,1,1,16,1,0,4.699984332582958e-4,0,0.014099952997748872,4.6999843325829574e-5,0,0,0.009399968665165915,0.002349992166291479,0.21027729903976153,4.6999843325829574e-5,0,0.058823529411764705,0,0.058823529411764705,0.058823529411764705,0,0,0.058823529411764705,0.058823529411764705,0.9411764705882353,0.058823529411764705,0
BC12,March,SE,14,2.8909442055581027,4.455848839068352,45.45,226.53333329699998,3.476190476142857,6.333333333,0.05,0,6,0,0,0,1.6,1.6,43.85,0,0,1,0,1,0,0,0,3,3,11,0,0,2.2071806948801984e-4,0,0.02648616833856238,0,0,0,0.007062978223616635,0.007062978223616635,0.1935697469409934,0,0,0.07142857142857142,0,0.07142857142857142,0,0,0,0.21428571428571427,0.21428571428571427,0.7857142857142857,0,0
BC12,May,NW,24,6.168398999254567,9.930634118227632,102.51,3102.5133335729997,20.49275362273913,52.33333333,2,1,0,75.5,60.11,0,6.21,4.1,96.2,1,0,1,1,0,11,8,0,6,3,17,1,0,6.446386477561745e-4,3.223193238780873e-4,0,0.02433510895279559,0.01937461455831183,0,0.002001603001282922,0.0013215092279001577,0.031007118957071998,3.223193238780873e-4,0,0.041666666666666664,0.041666666666666664,0,0.4583333333333333,0.3333333333333333,0,0.25,0.125,0.7083333333333334,0.041666666666666664,0
BC12,May,SE,19,5.436651469450858,8.070892751087142,97.22,2593.865000017,18.277777777222223,42.33333333,5.1,0,0,82.11,50,0,17,7,80.22,0,0,2,0,0,11,5,0,4,3,15,0,0,0.001966177885112207,0,0,0.03165546395030653,0.01927625377560987,0,0.006553926283707357,0.0026986755285853823,0.03092682155758848,0,0,0.10526315789473684,0,0,0.5789473684210527,0.2631578947368421,0,0.21052631578947367,0.15789473684210525,0.7894736842105263,0,0
BC12,July,NW,18,5.907978592900071,8.69034328494835,86.05,1005.799999973,11.529411764764706,18.33333333,0.2,0,0.1,12,0,0,0.7,0.15000000000000002,85.35,0,0,1,0,1,3,0,0,3,2,15,0,0,1.9884668920796267e-4,0,9.942334460398134e-5,0.01193080135247776,0,0,6.959634122278693e-4,1.4913501690597204e-4,0.08485782461949806,0,0,0.05555555555555555,0,0.05555555555555555,0.16666666666666666,0,0,0.16666666666666666,0.1111111111111111,0.8333333333333334,0,0
BC12,July,SE,16,3.8723875524962192,5.6312808945917965,50.91,635.096666634,10.7708333331875,19.33333333,0,0,0.5,20.2,0,0,3,2.6,47.91,0,0,0,0,1,4,0,0,3,3,13,0,0,0,0,7.872817261819217e-4,0.031806181737749635,0,0,0.00472369035709153,0.004093864976145993,0.07543733500275172,0,0,0,0,0.0625,0.25,0,0,0.1875,0.1875,0.8125,0,0
BC12,September,NW,20,6.90864826540096,9.576536196835443,105.22,423.186666666,7.257575757272727,12.66666667,0.02,0,0,0,0,0,7.62,0.7,97.6,0.5,0,2,0,0,0,0,0,6,3,14,1,0,4.726046819377936e-5,0,0,0,0,0,0.018006238381829937,0.0016541163867822774,0.23063108478564326,0.0011815117048444839,0,0.1,0,0,0,0,0,0.3,0.15,0.7,0.05,0
BC12,September,SE,14,5.294770802431068,7.122779567993892,80.71,71.133333334,9.6999999994,12.66666667,0,0,0,0,0,0,13.2,6.01,67.51,0,0,0,0,0,0,0,0,4,3,10,0,0,0,0,0,0,0,0,0.1855670103075392,0.08448922211729626,0.9490627928683313,0,0,0,0,0,0,0,0,0.2857142857142857,0.21428571428571427,0.7142857142857143,0,0
BC13,March,NW,20,4.039914008908885,6.781961917025096,44.64,141.30666666,2.7543859649473683,8,0.01,0,0,5.02,0,0,9.04,0.51,35.6,0.01,0,1,0,0,3,0,0,8,2,12,1,0,7.076806945040423e-5,0,0,0.03552557086410292,0,0,0.06397433478316543,0.003609171541970616,0.25193432724343906,7.076806945040423e-5,0,0.05,0,0,0.15,0,0,0.4,0.1,0.6,0.05,0
BC13,March,SE,18,3.2110451727702873,5.40466519149586,32.53,126.81333333399999,2.6568627451764706,8,0.01,0,0,5.71,0,0,3.73,0.51,28.8,0,0,1,0,0,5,0,0,8,2,10,0,0,7.885606140217194e-5,0,0,0.04502681106064017,0,0,0.02941331090301013,0.004021659131510769,0.22710545683825517,0,0,0.05555555555555555,0,0,0.2777777777777778,0,0,0.4444444444444444,0.1111111111111111,0.5555555555555556,0,0
BC13,May,NW,23,7.811451241914816,11.305775270320852,100.6,212.083333367,10.309523809142856,21,0,0,30,41.5,13.6,0,27.9,0.6,72.7,0.1,0,0,0,2,10,7,0,11,2,12,1,0,0,0,0.14145383101880263,0.19567779957601028,0.06412573672852385,0,0.13155206284748644,0.0028290766203760524,0.342789783835565,4.715127700626754e-4,0,0,0,0.08695652173913043,0.43478260869565216,0.30434782608695654,0,0.4782608695652174,0.08695652173913043,0.5217391304347826,0.043478260869565216,0
BC13,May,SE,21,7.451788963007883,11.077606773836505,76.8,126.166666663,38.4666666734,150.6666667,0,0,5,54.5,16.3,0,10.8,0.5,66,0,0,0,0,2,9,6,0,8,1,13,0,0,0,0,0.03963011889150841,0.4319682959174416,0.1291941875863174,0,0.08560105680565816,0.00396301188915084,0.523117569367911,0,0,0,0,0.09523809523809523,0.42857142857142855,0.2857142857142857,0,0.38095238095238093,0.047619047619047616,0.6190476190476191,0,0
BC13,July,NW,19,3.9225763091505303,6.031353830940411,78.151,459.974666627,6.333333333684211,11.66666667,1.25,0,4,10.001,10,0,2.251,0,75.9,0,0,4,0,1,3,2,0,6,0,13,0,0,0.0027175409662585676,0,0.008696131092027416,0.021742501762841548,0.02174032773006854,0,0.004893747772038428,0,0.16500908747122023,0,0,0.21052631578947367,0,0.05263157894736842,0.15789473684210525,0.10526315789473684,0,0.3157894736842105,0,0.6842105263157895,0,0
BC13,July,SE,18,5.8264030825934,9.487799534068287,41.7,289.266666668,6.703703704055555,11.66666667,2.1,0,3,16,16,0,3,0,38.7,0,0,2,0,1,2,2,0,4,0,14,0,0,0.007259737266617839,0,0.010371053238025485,0.055312283936135916,0.055312283936135916,0,0.010371053238025485,0,0.13378658677052876,0,0,0.1111111111111111,0,0.05555555555555555,0.1111111111111111,0.1111111111111111,0,0.2222222222222222,0,0.7777777777777778,0,0
BC13,September,NW,21,5.985658362563298,8.83541882364024,100,3.0666666670000002,1.16666666675,1.666666667,2.4,0,0,0,30,0,11,0.2,89,0,0,4,0,0,0,1,0,9,2,12,0,0,0.7826086955671077,0,0,0,9.782608694588847,0,3.5869565213492436,0.06521739129725898,29.021739127280245,0,0,0.19047619047619047,0,0,0,0.047619047619047616,0,0.42857142857142855,0.09523809523809523,0.5714285714285714,0,0
BC13,September,SE,24,8.607983623336743,12.497479433840196,58,18.36666667,2.0555555555,5,1.1,0,0,5,1,0,9.4,0.6,48.6,0,0,3,0,0,1,1,0,10,2,14,0,0,0.0598911070671704,0,0,0.27223230485077454,0.0544464609701549,0,0.5117967331194562,0.03266787658209294,2.6460980031495285,0,0,0.125,0,0,0.041666666666666664,0.041666666666666664,0,0.4166666666666667,0.08333333333333333,0.5833333333333334,0,0
BC14,March,NW,18,3.362371683071267,5.073142905593943,40.833,196.61399996199998,2.8518518518333336,6.666666667,0.011,0,0,3.01,0,0,5.531,0,35.302,0.1,0,2,0,0,3,0,0,7,0,11,1,0,5.5947185867364446e-5,0,0,0.015309184496433363,0,0,0.02813126227567207,0,0.1795497777717909,5.086107806124041e-4,0,0.1111111111111111,0,0,0.16666666666666666,0,0,0.3888888888888889,0,0.6111111111111112,0.05555555555555555,0
BC14,March,SE,22,4.279574926429981,5.755337921700937,20.625,91.46733333499999,3.2424242424090908,10,0.002,0,0,2.1,0,0,0.623,0,20.002,0.101,0,2,0,0,2,0,0,7,0,15,2,0,2.1865729841220806e-5,0,0,0.02295901633328185,0,0,0.006811174845540282,0,0.21867916414204927,0.0011042193569816509,0,0.09090909090909091,0,0,0.09090909090909091,0,0,0.3181818181818182,0,0.6818181818181818,0.09090909090909091,0
BC14,May,NW,21,6.78135420446103,9.37742068947343,88.6,1539.958333389,11.58333333315,35.33333333,0.2,0,0,76,15.6,0,32.7,1,55.9,0,0.1,1,0,0,9,5,0,8,1,13,0,1,1.2987364376272327e-4,0,0,0.04935198462983484,0.010130144213492414,0,0.021234340755205253,6.493682188136163e-4,0.03629968343168115,0,6.493682188136164e-5,0.047619047619047616,0,0,0.42857142857142855,0.23809523809523808,0,0.38095238095238093,0.047619047619047616,0.6190476190476191,0,0.047619047619047616
BC14,May,SE,21,6.088222782159103,8.432241765263058,61,1199.158333323,12.603174602857143,35.33333333,0.2,0,0,52.6,9.7,0,4.9,0.5,56.1,0,0,1,0,0,12,6,0,7,1,14,0,0,1.6678364686486223e-4,0,0,0.043864099125458765,0.008089006872945817,0,0.004086199348189125,4.169591171621556e-4,0.04678281294559386,0,0,0.047619047619047616,0,0,0.5714285714285714,0.2857142857142857,0,0.3333333333333333,0.047619047619047616,0.6666666666666666,0,0
BC14,July,NW,16,5.106339355307259,6.712372981583996,56.71,535.613333334,6.802083333625,17.33333333,0.8099999999999999,0,0,18.5,15,0,1.91,1,54.8,0,1,3,0,0,5,2,0,5,1,11,0,1,0.0015122849817013363,0,0,0.034539842174660156,0.028005277438913637,0,0.0035660053272216696,0.001867018495927576,0.10231261357683115,0,0.001867018495927576,0.1875,0,0,0.3125,0.125,0,0.3125,0.0625,0.6875,0,0.0625
BC14,July,SE,19,6.626238408804097,8.211250287671177,38.65,337.180000033,6.526315789736842,17.33333333,0.03,0,0,22,17,0,0.14,0.2,38.51,0,0,3,0,0,5,3,0,5,1,14,0,0,8.897324870118003e-5,0,0,0.06524704904753202,0.05041817426400202,0,4.1520849393884016e-4,5.931549913412002e-4,0.1142119935827481,0,0,0.15789473684210525,0,0,0.2631578947368421,0.15789473684210525,0,0.2631578947368421,0.05263157894736842,0.7368421052631579,0,0
BC14,September,NW,17,4.860887228030886,7.407142107768602,61.1,16.333333334,3.5333333332,6.333333333,0.1,0,0,0,0,0,8.1,2,53,0,1,1,0,0,0,0,0,7,1,10,0,1,0.006122448979341942,0,0,0,0,0,0.4959183673266972,0.12244897958683883,3.244897959051229,0,0.061224489793419413,0.058823529411764705,0,0,0,0,0,0.4117647058823529,0.058823529411764705,0.5882352941176471,0,0.058823529411764705
BC14,September,SE,18,5.7730142725629525,8.298257609069527,57.83,40.713333333,5.8,11,0.01,0,0,0,0.2,0,0.13,0.2,57.7,0,0,1,0,0,0,1,0,4,1,14,0,0,2.4561978058167366e-4,0,0,0,0.004912395611633473,0,0.0031930571475617575,0.004912395611633473,1.417226133956257,0,0,0.05555555555555555,0,0,0,0.05555555555555555,0,0.2222222222222222,0.05555555555555555,0.7777777777777778,0,0
BC15,March,NW,17,4.185825463325529,6.5473997436164435,35.32,124.319999997,2.274509803882353,6,0.1,0,0,0.51,0,0,3.81,0.01,31.51,0.01,0,1,0,0,2,0,0,7,1,10,1,0,8.04375804395215e-4,0,0,0.0041023166024155965,0,0,0.030646718147457692,8.043758043952151e-5,0.25345881596493225,8.043758043952151e-5,0,0.058823529411764705,0,0,0.11764705882352941,0,0,0.4117647058823529,0.058823529411764705,0.5882352941176471,0.058823529411764705,0
BC15,March,SE,19,3.8184051986163436,6.285284558226037,64.64,249.316666664,2.192982456105263,6,5.01,0,0,8.01,0,0,7.61,0.02,57.03,0.01,0,2,0,0,3,0,0,6,2,13,1,0,0.02009492613164083,0,0,0.032127816030826956,0,0,0.030523430710935474,8.021926599457418e-5,0.22874523698352828,4.010963299728709e-5,0,0.10526315789473684,0,0,0.15789473684210525,0,0,0.3157894736842105,0.10526315789473684,0.6842105263157895,0.05263157894736842,0
BC15,May,NW,20,6.102015237771363,8.648435847938538,69.81,19.73,6.666666666666667,7.666666667,0,0,0,20,18.61,0,16.31,0.6,53.5,0,0,0,0,0,5,6,0,8,2,12,0,0,0,0,0,1.0136847440446022,0.9432336543335023,0,0.8266599087683729,0.030410542321338063,2.711606690319311,0,0,0,0,0,0.25,0.3,0,0.4,0.1,0.6,0,0
BC15,May,SE,18,6.894822059941181,9.457502823951277,64.6,10.666666666000001,5.333333333000001,8.333333333,0,0,0,25.1,20.5,0,10.1,0.6,54.5,0,0,0,0,0,6,5,0,6,2,12,0,0,0,0,0,2.3531250001470703,1.921875000120117,0,0.9468750000591796,0.05625000000351562,5.109375000319336,0,0,0,0,0,0.3333333333333333,0.2777777777777778,0,0.3333333333333333,0.1111111111111111,0.6666666666666666,0,0
BC15,July,NW,15,3.3335093408362897,4.9848000977143165,80.92,1211.1483333639999,8.821428571428571,18.66666667,0.11,0,0,77.2,48,0,3.32,1.1,77.6,0,0,2,0,0,8,2,0,6,2,9,0,0,9.082289672518624e-5,0,0,0.06374116024713071,0.03963180948008127,0,0.002741200155705621,9.082289672518624e-4,0.06407142532613139,0,0,0.13333333333333333,0,0,0.5333333333333333,0.13333333333333333,0,0.4,0.13333333333333333,0.6,0,0
BC15,July,SE,17,6.170602978526389,7.588504156721589,93.91,1062.386666664,7.291666666875,18.66666667,1.11,0,0,80,28,0,9.4,0.1,84.51,0,0,3,0,0,7,2,0,5,1,12,0,0,0.001044817329537381,0,0,0.075302149876568,0.026355752456798796,0,0.008848002610496739,9.412768734571e-5,0.07954730857585951,0,0,0.17647058823529413,0,0,0.4117647058823529,0.11764705882352941,0,0.29411764705882354,0.058823529411764705,0.7058823529411765,0,0
BC15,September,NW,14,3.0232558139534884,4.982168916304903,65,NA,NA,NA,0,0,0,0,0,0,4,0,61,0,0,0,0,0,0,0,0,4,0,10,0,0,NA,NA,NA,NA,NA,NA,NA,NA,NA,NA,NA,0,0,0,0,0,0,0.2857142857142857,0,0.7142857142857143,0,0
BC15,September,SE,18,7.429275778750084,9.698893260312344,95.4,27.03333333,1.8333333334,3,0,0,0,4,0,0,17.3,1,78.1,0,0,0,0,0,1,0,0,7,1,11,0,0,0,0,0,0.14796547474080954,0,0,0.6399506782540013,0.036991368685202385,2.8890258943143063,0,0,0,0,0,0.05555555555555555,0,0,0.3888888888888889,0.05555555555555555,0.6111111111111112,0,0
BC16,March,NW,19,3.4651349553523465,5.317148646666958,47.24,323.5233333,3.824561403526316,7.666666667,0.01,0,0,3.51,0,0,2.54,0.02,44.7,3.02,0,1,0,0,3,0,0,7,2,12,3,0,3.090967163943968e-5,0,0,0.010849294745443326,0,0,0.007851056596417678,6.181934327887936e-5,0.13816623222829535,0.009334720835110782,0,0.05263157894736842,0,0,0.15789473684210525,0,0,0.3684210526315789,0.10526315789473684,0.631578947368421,0.15789473684210525,0
BC16,March,SE,23,5.542535409518783,7.702036312906259,37.06,234.943333344,4.086956521782609,22,0.02,0,0,1.61,0,0,3.85,0.13,33.21,1.11,0,2,0,0,4,0,0,10,4,13,3,0,8.512691003117906e-5,0,0,0.006852716257509915,0,0,0.01638693018100197,5.53324915202664e-4,0.14135323410677283,0.004724543506730438,0,0.08695652173913043,0,0,0.17391304347826086,0,0,0.43478260869565216,0.17391304347826086,0.5652173913043478,0.13043478260869565,0
BC16,May,NW,18,6.805370768929759,9.667942687690557,74.6,1580.666666667,16.583333333625,45.66666667,0,0,0,41,12.1,0,9.6,0,65,0,0.5,0,0,0,9,5,0,5,0,13,0,1,0,0,0,0.025938422606489677,0.0076549978911835395,0,0.006073386756641486,0,0.041121889498093395,0,3.163222269084107e-4,0,0,0,0.5,0.2777777777777778,0,0.2777777777777778,0,0.7222222222222222,0,0.05555555555555555
BC16,May,SE,21,7.725228427276037,10.049786717878261,94.4,1816.466666674,13.984126984333333,45.66666667,0,0,0,52.1,21.1,0,24.2,1.6,70.2,1.1,0,0,0,0,9,8,0,10,3,11,2,0,0,0,0,0.02868205674007579,0.011615957720069082,0,0.013322567622069752,8.808309171616365e-4,0.0386464564904668,6.055712555486252e-4,0,0,0,0,0.42857142857142855,0.38095238095238093,0,0.47619047619047616,0.14285714285714285,0.5238095238095238,0.09523809523809523,0
BC16,July,NW,18,5.708791211914151,7.615653746430111,100.22,1493.771333363,10.822222222,22.33333333,0.1,0,0,32.51,9.5,0,7.3,0,92.92,0.3,3,1,0,0,6,3,0,4,0,14,1,1,6.694465060784447e-5,0,0,0.021763705912610235,0.006359741807745224,0,0.004886959494372646,0,0.06220496934480908,2.008339518235334e-4,0.002008339518235334,0.05555555555555555,0,0,0.3333333333333333,0.16666666666666666,0,0.2222222222222222,0,0.7777777777777778,0.05555555555555555,0.05555555555555555
BC16,July,SE,15,6.483102265732627,8.88674442953977,115.2,1588.700000036,10.282051281461538,22.33333333,0.2,0,0,55,10,0,30.2,4,85,4,0,2,0,0,6,2,0,6,1,9,1,0,1.2588909170735068e-4,0,0,0.03461950021952143,0.006294454585367534,0,0.01900925284780995,0.0025177818341470134,0.05350286397562403,0.0025177818341470134,0,0.13333333333333333,0,0,0.4,0.13333333333333333,0,0.4,0.06666666666666667,0.6,0.06666666666666667,0
BC16,September,NW,24,7.777205287728681,10.61263878905112,102.14,32.555,3.3166666665999998,7,0.01,0,0,0,0,0,27.84,0.32,74.3,0.31,2,1,0,0,0,0,0,10,3,13,2,1,3.071724773460298e-4,0,0,0,0,0,0.855168176931347,0.009829519275072954,2.2822915066810014,0.009522346797726924,0.06143449546920596,0.041666666666666664,0,0,0,0,0,0.4166666666666667,0.125,0.5416666666666666,0.08333333333333333,0.041666666666666664
BC16,September,SE,21,7.865231449438551,10.412368734039902,123.4,13.116666667,2.6388888888333333,7,0,0,0,0,0,0,40.3,2.3,83.1,2,0,0,0,0,0,0,0,10,3,11,1,0,0,0,0,0,0,0,3.0724269376601665,0.1753494282039301,6.335451079889823,0.1524777636555914,0,0,0,0,0,0,0,0.47619047619047616,0.14285714285714285,0.5238095238095238,0.047619047619047616,0
BC17,March,N,35,5.480755106753165,10.19024170646336,82.211,483.231000007,4.342857142885714,22,0.21100000000000002,0,0,6.9,0,0,3.4,1,78.811,5,0,3,0,0,6,0,0,12,2,23,2,0,4.36644172242558e-4,0,0,0.01427888525342962,0,0,0.007035972443718942,0.002069403659917336,0.1630917718417452,0.01034701829958668,0,0.08571428571428572,0,0,0.17142857142857143,0,0,0.34285714285714286,0.05714285714285714,0.6571428571428571,0.05714285714285714,0
BC17,March,S,35,12.721606480261535,18.85240293780754,78.21,336.569999995,3.6715686275,9,0.1,0,0,6.3,0,0,8.4,3.01,68.81,0.1,4,1,0,0,5,0,0,8,3,26,1,2,2.9711501322603195e-4,0,0,0.018718245833240013,0,0,0.024957661110986688,0.008943161898103562,0.2044448406008326,2.9711501322603195e-4,0.011884600529041278,0.02857142857142857,0,0,0.14285714285714285,0,0,0.22857142857142856,0.08571428571428572,0.7428571428571429,0.02857142857142857,0.05714285714285714
BC17,May,N,31,6.245164939463992,10.356310500692205,80.08,1079.716666627,10.946236559451613,47.66666667,0,0,5,60.65,6.03,0.3,4.13,0.30000000000000004,75.95,6,0,0,0,1,14,9,1,10,2,21,2,0,0,0,0.004630844511847574,0.056172143928711074,0.005584798481288175,2.7785067071085443e-4,0.0038250775667860964,2.778506707108545e-4,0.07034252813496465,0.005557013414217089,0,0,0,0.03225806451612903,0.45161290322580644,0.2903225806451613,0.03225806451612903,0.3225806451612903,0.06451612903225806,0.6774193548387096,0.06451612903225806,0
BC17,May,S,34,14.088242107127774,18.61439415545133,143.8,1848.299999925,10.588888888866666,36.33333333,0,0,15,73.5,16.7,1,12.3,3.1,129.5,0,13,0,0,1,14,10,1,9,4,24,0,2,0,0,0.008115565655255461,0.039766271710751755,0.009035329762851079,5.41037710350364e-4,0.006654763837309478,0.0016772169020861285,0.07006438349037214,0,0.007033490234554732,0,0,0.029411764705882353,0.4117647058823529,0.29411764705882354,0.029411764705882353,0.2647058823529412,0.11764705882352941,0.7058823529411765,0,0.058823529411764705
BC17,July,N,25,6.715558995866056,10.324316687496538,100.81,1222.006666682,11.1466666664,33,0.1,0,2.2,69,14,0,0.30000000000000004,0.2,100.51,3.5,0.5,1,0,2,10,4,0,2,1,23,2,1,8.183261411455357e-5,0,0.0018003175105201787,0.056464503739041966,0.0114565659760375,0,2.4549784234366076e-4,1.6366522822910715e-4,0.0822499604465378,0.002864141494009375,4.091630705727679e-4,0.04,0,0.08,0.4,0.16,0,0.08,0.04,0.92,0.08,0.04
BC17,July,S,30,13.029683342641865,16.917562635419838,99.21,1203.713333237,9.616666666533334,19.66666667,0.7,0,3.5,49.51,15,0,3.41,3.01,95.3,0,10,2,0,2,12,4,0,6,4,23,0,1,5.815338093145276e-4,0,0.0029076690465726384,0.041131055570231806,0.012461438771025592,0,0.002832900413946485,0.0025005953800524687,0.07917167432524927,0,0.008307625847350395,0.06666666666666667,0,0.06666666666666667,0.4,0.13333333333333333,0,0.2,0.13333333333333333,0.7666666666666667,0,0.03333333333333333
BC17,September,N,29,5.938691930287348,9.136063518706306,116.44,48.314999996,9.697916666625,21,0.02,0,0,1,3,0,1.23,0.61,115.21,3,0.5,2,0,0,1,3,0,7,3,22,2,1,4.1395011904493017e-4,0,0,0.02069750595224651,0.062092517856739526,0,0.025457932321263206,0.01262547863087037,2.3845596607583204,0.062092517856739526,0.010348752976123254,0.06896551724137931,0,0,0.034482758620689655,0.10344827586206896,0,0.2413793103448276,0.10344827586206896,0.7586206896551724,0.06896551724137931,0.034482758620689655
BC17,September,S,32,13.602492265044571,18.229443389278117,143.9,140.225,8.5583333337,15.66666667,0,0,0,1,5,0,13.8,6,130.1,2,17,0,0,0,2,1,0,7,3,25,1,2,0,0,0,0.0071313959707612765,0.035656979853806385,0,0.09841326439650562,0.04278837582456766,0.927794615796042,0.014262791941522553,0.1212337315029417,0,0,0,0.0625,0.03125,0,0.21875,0.09375,0.78125,0.03125,0.0625
BC18,March,NW,17,4.522821928067071,6.348513988545635,27.611,109.410999993,2.705882352882353,7.333333333,0.101,0,0,0.1,0,0,1.401,0.2,26.21,0.1,0,2,0,0,1,0,0,6,2,11,1,0,9.231247315760013e-4,0,0,9.139848827485161e-4,0,0,0.01280492820730671,0.0018279697654970321,0.23955543776838606,9.139848827485161e-4,0,0.11764705882352941,0,0,0.058823529411764705,0,0,0.35294117647058826,0.11764705882352941,0.6470588235294118,0.058823529411764705,0
BC18,March,SE,16,3.02493529168436,4.5605791207086686,28.341,104.635,3.0625,7,0.01,0,0,1,0,0,5.02,0,23.321,0,0,1,0,0,1,0,0,3,0,13,0,0,9.557031585989391e-5,0,0,0.009557031585989391,0,0,0.04797629856166674,0,0.2228795336168586,0,0,0.0625,0,0,0.0625,0,0,0.1875,0,0.8125,0,0
BC18,May,NW,19,6.40891156603111,8.540435263414775,55.7,785.533333337,11.9375000005,47.66666667,0.9,0,7,2.2,3,0,2.8,0,52.7,15,0,3,0,1,2,3,0,5,0,13,1,0,0.0011457184078704052,0,0.008911143172325374,0.0028006449970165463,0.0038190613595680176,0,0.0035644572689301495,0,0.06708817788307818,0.01909530679784009,0,0.15789473684210525,0,0.05263157894736842,0.10526315789473684,0.15789473684210525,0,0.2631578947368421,0,0.6842105263157895,0.05263157894736842,0
BC18,May,SE,18,4.051034081313096,6.304762236611953,27.712,58.247666667,11.2000000004,29,0.01,0,1.5,4.4,1.001,0,1.6,0,26.112,0,0,1,0,2,5,3,0,4,0,14,0,0,1.7168069679373893e-4,0,0.025752104519060837,0.07553950658924513,0.017185237749053263,0,0.02746891148699823,0,0.44829263546781106,0,0,0.05555555555555555,0,0.1111111111111111,0.2777777777777778,0.16666666666666666,0,0.2222222222222222,0,0.7777777777777778,0,0
BC18,July,NW,22,7.257818857281172,9.941506267172736,108.211,1685.664333303,14.333333332863637,33,4.101,0,0,100.11,86.11,0,4.101,3.6,104.01,0.1,0,4,0,0,17,11,0,8,4,13,1,0,0.002432868702847995,0,0,0.05938904799856445,0.05108371714270687,0,0.002432868702847995,0.002135656505791949,0.06170267587983906,5.932379182755414e-5,0,0.18181818181818182,0,0,0.7727272727272727,0.5,0,0.36363636363636365,0.18181818181818182,0.5909090909090909,0.045454545454545456,0
BC18,July,SE,16,4.899178453993517,7.051744695372948,56.061,991.351333401,11.8437499995625,22.66666667,0.501,0,1,48.05,45,0,1.051,0,55.01,0,0,2,0,1,8,5,0,3,0,13,0,0,5.053707834146285e-4,0,0.001008724118592073,0.048469193898349104,0.04539258533664328,0,0.0010601690486402686,0,0.05548991376374993,0,0,0.125,0,0.0625,0.5,0.3125,0,0.1875,0,0.8125,0,0
BC18,September,NW,23,6.745302313255602,9.619121499747498,104.91,304.00333333,10.2,24.33333333,2.6,0,0,14.6,21.6,0,8.8,1.6,96.01,0.1,0,3,0,0,5,6,0,9,4,13,1,0,0.00855253780121438,0,0,0.04802578919143459,0.07105185250239639,0,0.028947051019494824,0.005263100185362695,0.31581890549792024,3.2894376158516846e-4,0,0.13043478260869565,0,0,0.21739130434782608,0.2608695652173913,0,0.391304347826087,0.17391304347826086,0.5652173913043478,0.043478260869565216,0
BC18,September,SE,20,3.014012792139926,5.565215695777635,54.22,70.203333337,8.242424242181817,17.66666667,0.11,0,0,2,8.5,0,0.71,0,53.51,0.5,0,2,0,0,1,4,0,4,0,16,1,0,0.0015668771662445484,0,0,0.02848867574990088,0.12107687193707874,0,0.010113479891214812,0,0.762214519688598,0.00712216893747522,0,0.1,0,0,0.05,0.2,0,0.2,0,0.8,0.05,0
BC19,March,NW,16,4.999531359837539,8.064362212856471,25.3,103.850000001,3.9687500000625002,8,0,0,0,4,0,0,0.5,0.6,24.8,0,0,0,0,0,2,0,0,1,2,15,0,0,0,0,0,0.038517091959186164,0,0,0.0048146364948982705,0.005777563793877924,0.2388059701469542,0,0,0,0,0,0.125,0,0,0.0625,0.125,0.9375,0,0
BC19,March,SE,14,6.445797807551767,8.898429054996633,25.2,101.733333334,4.0238095238571425,8,0.1,0,0,3,0,0,0,0.1,25.2,0,0,1,0,0,2,0,0,0,1,14,0,0,9.829619921298627e-4,0,0,0.02948885976389588,0,0,0,9.829619921298627e-4,0.24770642201672538,0,0,0.07142857142857142,0,0,0.14285714285714285,0,0,0,0.07142857142857142,1,0,0
BC19,May,NW,20,8.090797519593488,11.177031638024616,122.6,186.89999996999998,12.4,25.66666667,0,0,0,11,0,0,2,3,120.6,0,0,0,0,0,2,0,0,1,2,19,0,0,0,0,0,0.05885500268467443,0,0,0.010700909579031715,0.016051364368547573,0.6452648476156123,0,0,0,0,0,0.1,0,0,0.05,0.1,0.95,0,0
BC19,May,SE,16,7.072663492858932,9.645809124756074,145.5,256.6666667,25.66666667,25.66666667,0,0,0,15,0,0,0,1,145.5,0,0,0,0,0,1,0,0,0,1,16,0,0,0,0,0,0.05844155843396863,0,0,0,0.0038961038955979085,0.5668831168094957,0,0,0,0,0,0.0625,0,0,0,0.0625,1,0,0
BC19,July,NW,19,5.680541386111678,8.274699943219394,86.7,52.833333329999995,7.7916666674999995,12.66666667,0,0,0,0.5,0,0,0.1,0.6,86.6,0,0,0,0,0,1,0,0,1,2,18,0,0,0,0,0,0.009463722398073422,0,0,0.0018927444796146846,0.011356466877688105,1.6391167193463165,0,0,0,0,0,0.05263157894736842,0,0,0.05263157894736842,0.10526315789473684,0.9473684210526315,0,0
BC19,July,SE,14,5.8505514705882335,7.839312625338621,61.8,86.83333333,8.88888889,12.66666667,0,0,0,0.1,0,0,0.5,0.6,61.3,0,0,0,0,0,1,0,0,1,2,13,0,0,0,0,0,0.001151631477971272,0,0,0.005758157389856359,0.006909788867827631,0.7059500959963896,0,0,0,0,0,0.07142857142857142,0,0,0.07142857142857142,0.14285714285714285,0.9285714285714286,0,0
BC19,September,NW,18,7.642041318470316,9.964165612254641,89.61,56.843333331000004,6.111111111666666,11.66666667,0.01,0,0,6,0,0,0.11,0.6,89.5,0,0,1,0,0,2,0,0,2,2,16,0,0,1.75922125146493e-4,0,0,0.1055532750878958,0,0,0.001935143376611423,0.01055532750878958,1.5745030200611125,0,0,0.05555555555555555,0,0,0.1111111111111111,0,0,0.1111111111111111,0.1111111111111111,0.8888888888888888,0,0
BC19,September,SE,14,7.91017499497141,9.347925881580773,74.2,64,10.3333333315,11.33333333,0,0,0,15,0,0,0.1,0.2,74.1,0,0,0,0,0,2,0,0,1,2,13,0,0,0,0,0,0.234375,0,0,0.0015625,0.003125,1.1578125,0,0,0,0,0,0.14285714285714285,0,0,0.07142857142857142,0.14285714285714285,0.9285714285714286,0,0
BC20,March,NW,26,9.524497253225285,14.196018521498212,61.9,303.500000006,3.46666666672,8,0.6,0,0,11.5,0,0,15.3,1.7,46.6,2.6,0,2,0,0,4,0,0,10,4,16,3,0,0.0019769357495490556,0,0,0.03789126853302357,0,0,0.05041186161350092,0.005601317957055658,0.15354200988164332,0.008566721581379241,0,0.07692307692307693,0,0,0.15384615384615385,0,0,0.38461538461538464,0.15384615384615385,0.6153846153846154,0.11538461538461539,0
BC20,March,SE,24,6.598951708936082,9.391069208010977,96.41,491.373333374,3.3194444444583335,8,0.6,0,0,25.51,0,0,5.2,1.6,91.21,0.71,0,2,0,0,3,0,0,7,3,17,4,0,0.0012210674842285769,0,0,0.05191571920445166,0,0,0.010582584863314332,0.003256179957942872,0.18562260872748082,0.0014449298563371492,0,0.08333333333333333,0,0,0.125,0,0,0.2916666666666667,0.125,0.7083333333333334,0.16666666666666666,0
BC20,May,NW,27,5.981603714161449,8.718520556412999,78.02,141.36666667,13.166666666625,35.33333333,0,0,5,10,3.71,0,25.92,0.9,52.1,0,0,0,0,1,5,7,0,11,4,16,0,0,0,0,0.035369016740500615,0.07073803348100123,0.026243810421451453,0,0.1833529827827552,0.006366423013290111,0.3685451544360164,0,0,0,0,0.037037037037037035,0.18518518518518517,0.25925925925925924,0,0.4074074074074074,0.14814814814814814,0.5925925925925926,0,0
BC20,May,SE,24,8.353039448528206,11.207625071581038,90.13,55.093333337000004,6.0999999994000005,14.33333333,0.01,0,4,21.5,8.11,0,5.62,3.01,84.51,0.01,0.5,1,0,1,6,3,0,7,2,17,1,1,1.815101645571357e-4,0,0.07260406582285428,0.39024685379784174,0.14720474345583703,0,0.10200871248111025,0.05463455953169784,1.5339424006723537,1.815101645571357e-4,0.009075508227856785,0.041666666666666664,0,0.041666666666666664,0.25,0.125,0,0.2916666666666667,0.08333333333333333,0.7083333333333334,0.041666666666666664,0.041666666666666664
BC20,July,NW,20,7.291368039608865,9.170459614099828,36.64,38.503333336,8.4666666672,17,0.02,0,0,10.42,10,0,0.53,0.01,36.11,0,0,2,0,0,6,2,0,4,1,16,0,0,5.194355466699379e-4,0,0,0.2706259198150376,0.2597177733349689,0,0.013765041986753353,2.5971777333496895e-4,0.9378408795125728,0,0,0.1,0,0,0.3,0.1,0,0.2,0.05,0.8,0,0
BC20,July,SE,18,6.859541690433176,8.926513893802023,69.72,66.4,4.583333333,6.333333333,0.01,0,10,33.7,13.1,0,0.22,0.1,69.5,0,0.2,1,0,1,5,3,0,3,1,15,0,1,1.506024096385542e-4,0,0.1506024096385542,0.5075301204819277,0.197289156626506,0,0.0033132530120481927,0.001506024096385542,1.0466867469879517,0,0.003012048192771084,0.05555555555555555,0,0.05555555555555555,0.2777777777777778,0.16666666666666666,0,0.16666666666666666,0.05555555555555555,0.8333333333333334,0,0.05555555555555555
BC20,September,NW,22,6.567116855022308,9.009518915035011,79.21,114.91000003299999,5.4,7,0.21000000000000002,0,0,0,10.1,0,5.31,0.1,73.9,0,0,2,0,0,0,2,0,7,1,15,0,0,0.0018275171868391957,0,0,0,0.08789487422417083,0,0.046210077438648224,8.702462794472359e-4,0.6431120005115074,0,0,0.09090909090909091,0,0,0,0.09090909090909091,0,0.3181818181818182,0.045454545454545456,0.6818181818181818,0,0
BC20,September,SE,22,6.774432660508609,9.395992090424354,109,85.60000000299999,3.944444444333333,6,0.1,0,0,0,7.1,0,5.8,0.1,103.2,0,1,1,0,0,0,2,0,6,1,16,0,1,0.0011682242990244784,0,0,0,0.08294392523073794,0,0.06775700934341973,0.0011682242990244784,1.2056074765932616,0,0.011682242990244783,0.045454545454545456,0,0,0,0.09090909090909091,0,0.2727272727272727,0.045454545454545456,0.7272727272727273,0,0.045454545454545456
