PlotNo,MowFreq,xcoord,ycoord
BC01,regular,13.27835863,52.44965449
BC02,reduced,13.28042761,52.44697899
BC03,reduced,13.28340478,52.44783143
BC04,regular,13.28459325,52.44819017
BC05,reduced_sown,13.28993638,52.45823228
BC06,regular,13.29109208,52.45466712
BC07,reduced,13.29121185,52.45418147
BC08,regular,13.29161863,52.45337329
BC09,reduced,13.29180697,52.45292435
BC10,reduced_sown,13.29436965,52.45431106
BC11,regular,13.29457283,52.45408458
BC12,reduced,13.29505353,52.45322552
BC13,regular,13.29661081,52.45140958
BC14,regular,13.29875305,52.45443771
BC15,reduced,13.30223121,52.45742929
BC16,regular,13.30214278,52.45813153
BC17,reduced_sown,13.30640456,52.45827125
BC18,reduced,13.30673547,52.45830855
BC19,regular,13.30643758,52.45899947
BC20,regular,13.30744685,52.45929049
